order_id,order_line_id,order_ts,customer_id,product_id,quantity
12879,1,2025-07-15,119,53,2
18294,2,2025-01-17,12,59,1
12505,3,2025-08-07,37,33,5
17968,4,2025-08-13,102,26,2
14630,5,2025-07-16,65,44,1
12326,6,2025-06-26,21,5,2
13342,7,2025-07-24,26,51,5
15307,8,2025-08-02,92,20,2
17651,9,2025-09-04,104,1,5
16060,10,2025-04-27,44,15,3
19332,11,2025-05-05,57,15,5
18677,12,2025-06-24,94,1,4
17533,13,2025-02-22,22,41,1
16031,14,2025-08-22,25,6,3
12898,15,2025-07-30,93,51,3
14125,16,2025-06-22,23,28,2
11188,17,2025-03-24,93,44,3
13741,18,2025-04-05,60,21,1
19264,19,2025-04-29,119,8,4
14258,20,2025-06-30,4,11,5
11137,21,2025-08-01,114,39,1
16519,22,2025-07-03,28,43,3
19626,23,2025-09-11,5,17,4
18674,24,2025-09-20,87,22,1
12740,25,2025-07-12,64,57,2
14538,26,2025-04-12,101,52,2
15310,27,2025-06-13,14,25,1
12478,28,2025-04-27,10,15,5
12686,29,2025-06-21,69,19,3
12366,30,2025-08-10,106,33,4
19945,31,2025-04-11,49,35,3
17460,32,2025-05-19,96,12,5
18408,33,2025-01-13,109,4,5
18165,34,2025-07-21,105,30,4
19591,35,2025-05-14,62,48,2
11052,36,2025-05-06,84,10,3
18816,37,2025-05-26,64,25,5
10665,38,2025-02-28,81,10,3
14754,39,2025-06-13,69,15,3
15944,40,2025-07-23,64,37,1
13578,41,2025-04-06,53,18,5
11461,42,2025-02-05,79,16,4
11923,43,2025-04-16,91,60,2
18246,44,2025-02-24,111,11,3
13187,45,2025-04-13,74,12,3
13103,46,2025-06-21,13,56,1
19233,47,2025-01-31,71,34,5
11438,48,2025-07-24,38,3,5
19152,49,2025-03-03,4,26,5
19209,50,2025-09-02,9,34,2
15985,51,2025-07-19,71,16,2
11655,52,2025-03-16,114,33,1
11558,53,2025-06-03,61,39,4
12847,54,2025-01-31,54,16,2
15774,55,2025-01-28,11,49,5
11536,56,2025-09-19,82,28,5
14556,57,2025-08-08,7,58,1
11154,58,2025-02-12,101,6,5
15402,59,2025-03-19,98,20,1
10211,60,2025-02-23,119,44,3
17090,61,2025-04-18,35,54,3
10553,62,2025-03-21,20,14,5
11948,63,2025-03-31,36,59,4
11746,64,2025-05-25,96,12,5
18309,65,2025-02-21,27,25,3
10533,66,2025-08-30,107,19,5
14292,67,2025-07-18,19,26,5
15911,68,2025-07-27,6,55,5
15159,69,2025-02-16,27,44,3
16807,70,2025-07-13,91,48,2
18031,71,2025-08-17,73,16,5
13936,72,2025-02-17,43,57,4
18282,73,2025-07-25,79,27,5
13179,74,2025-04-08,78,40,3
19844,75,2025-08-04,67,42,5
15045,76,2025-05-11,62,40,4
17360,77,2025-08-08,13,37,4
18750,78,2025-02-10,32,29,1
17926,79,2025-04-17,64,39,3
18511,80,2025-03-16,17,55,4
15365,81,2025-03-09,58,24,4
10434,82,2025-03-26,15,31,5
14930,83,2025-04-15,95,11,2
11814,84,2025-02-04,13,22,2
18891,85,2025-07-13,12,47,5
12367,86,2025-05-31,77,39,5
12280,87,2025-08-15,27,13,1
12493,88,2025-07-12,43,33,2
16425,89,2025-02-10,38,49,5
15712,90,2025-01-20,26,8,1
19488,91,2025-04-26,92,4,4
14162,92,2025-05-12,84,24,1
12822,93,2025-03-07,29,40,1
10492,94,2025-08-02,83,19,4
10070,95,2025-06-08,86,50,4
13736,96,2025-07-24,65,51,3
19258,97,2025-01-30,70,32,5
15237,98,2025-08-11,113,23,2
18935,99,2025-02-26,55,3,3
11016,100,2025-05-03,47,50,4
10933,101,2025-04-30,65,54,4
18334,102,2025-08-13,101,27,2
11067,103,2025-03-17,86,31,4
10519,104,2025-03-07,10,46,3
14040,105,2025-04-03,56,42,3
19248,106,2025-04-09,89,9,5
16893,107,2025-02-19,27,41,2
10991,108,2025-02-18,119,56,4
18371,109,2025-03-05,97,46,5
18435,110,2025-05-08,102,29,4
18006,111,2025-04-04,10,32,5
19026,112,2025-04-18,70,16,3
12398,113,2025-07-16,64,40,2
19795,114,2025-03-07,76,15,5
13206,115,2025-09-06,103,21,4
18020,116,2025-07-25,43,16,2
15793,117,2025-02-17,65,21,2
17794,118,2025-03-27,82,23,2
16278,119,2025-02-20,91,5,5
16424,120,2025-03-16,93,44,1
16162,121,2025-04-10,41,27,4
17789,122,2025-02-05,120,57,3
17390,123,2025-01-04,2,11,1
11345,124,2025-04-30,60,41,4
18260,125,2025-07-11,74,11,4
15360,126,2025-03-24,8,33,4
13230,127,2025-08-23,55,30,3
15142,128,2025-04-11,72,27,2
19669,129,2025-09-03,73,40,1
18575,130,2025-03-06,15,50,1
18336,131,2025-05-28,34,20,2
14627,132,2025-07-28,30,51,4
17841,133,2025-01-17,77,12,1
13850,134,2025-09-11,40,18,5
16861,135,2025-04-10,69,19,3
16395,136,2025-05-16,88,58,2
12497,137,2025-06-21,96,8,5
12664,138,2025-06-25,23,24,1
10611,139,2025-01-07,109,26,5
11397,140,2025-08-25,20,49,2
14336,141,2025-06-20,3,30,2
14778,142,2025-09-30,6,59,3
11651,143,2025-05-09,25,45,5
14168,144,2025-06-17,105,43,2
16041,145,2025-05-01,25,46,5
12325,146,2025-08-31,84,10,2
13382,147,2025-08-16,51,27,2
13675,148,2025-09-06,5,36,4
15050,149,2025-05-18,54,13,4
13663,150,2025-08-05,4,8,2
17369,151,2025-04-08,58,9,1
13274,152,2025-05-06,68,48,2
14338,153,2025-07-27,63,40,3
13794,154,2025-01-23,34,17,1
11829,155,2025-07-13,92,45,1
16857,156,2025-01-05,72,42,5
12354,157,2025-06-08,31,49,1
12968,158,2025-05-11,53,55,3
17927,159,2025-05-08,14,53,4
19488,160,2025-05-15,111,11,2
16708,161,2025-05-15,91,47,3
19163,162,2025-04-22,35,24,1
18541,163,2025-05-04,81,25,4
14809,164,2025-06-05,82,39,4
17702,165,2025-07-28,74,37,5
13283,166,2025-05-31,7,26,5
14604,167,2025-06-25,106,60,2
15354,168,2025-08-17,115,11,1
19604,169,2025-09-28,117,6,2
18485,170,2025-01-30,118,2,1
14892,171,2025-07-14,112,49,3
16525,172,2025-03-03,89,25,1
12023,173,2025-02-23,7,27,5
18043,174,2025-08-05,56,39,4
15530,175,2025-01-19,30,27,2
15327,176,2025-08-20,27,35,5
17662,177,2025-07-30,100,4,4
16329,178,2025-09-29,98,10,3
10724,179,2025-07-02,63,56,1
12881,180,2025-08-27,89,28,2
11767,181,2025-02-02,16,11,3
17348,182,2025-08-31,27,23,4
10351,183,2025-02-13,104,21,2
12024,184,2025-03-27,55,17,4
15974,185,2025-02-04,66,18,2
16947,186,2025-04-20,56,44,2
15033,187,2025-07-24,25,7,3
18607,188,2025-03-15,100,19,1
19189,189,2025-08-13,91,29,3
11321,190,2025-06-15,83,33,2
19525,191,2025-06-21,43,53,2
16143,192,2025-09-14,78,56,4
16362,193,2025-04-28,115,18,2
10950,194,2025-04-05,78,33,4
16218,195,2025-09-29,60,2,4
17257,196,2025-06-02,33,38,4
15807,197,2025-06-17,63,10,2
10844,198,2025-03-22,45,5,5
15232,199,2025-02-28,74,41,2
19359,200,2025-02-16,6,11,2
17234,201,2025-03-03,23,29,5
11374,202,2025-02-23,95,7,2
19599,203,2025-07-23,46,45,4
19588,204,2025-01-16,52,46,1
11693,205,2025-06-21,66,35,4
18008,206,2025-09-17,53,51,5
14067,207,2025-07-28,92,27,4
15936,208,2025-04-20,30,12,3
14451,209,2025-01-17,92,10,5
17826,210,2025-08-16,26,14,2
19966,211,2025-01-01,45,13,2
17951,212,2025-07-06,71,20,1
19313,213,2025-07-03,107,13,4
19460,214,2025-02-22,28,36,4
10901,215,2025-07-21,71,9,4
12533,216,2025-02-17,8,38,4
17218,217,2025-03-03,10,21,1
15900,218,2025-08-10,93,42,4
10501,219,2025-09-25,87,31,4
10950,220,2025-03-14,46,55,2
15205,221,2025-09-09,75,27,3
16161,222,2025-09-07,46,18,5
11677,223,2025-07-30,34,36,3
11712,224,2025-02-08,52,40,4
11293,225,2025-03-23,38,27,3
15649,226,2025-07-05,98,34,4
10078,227,2025-09-30,50,29,4
15724,228,2025-08-11,39,19,4
14759,229,2025-04-25,65,19,4
14659,230,2025-03-06,91,55,5
16792,231,2025-09-20,33,41,2
15226,232,2025-03-17,113,6,5
17277,233,2025-04-04,56,58,4
17639,234,2025-09-21,80,43,3
19201,235,2025-06-03,115,4,2
17992,236,2025-03-14,52,44,3
15177,237,2025-01-02,24,36,4
14921,238,2025-04-28,90,55,2
12357,239,2025-09-27,1,30,2
15995,240,2025-04-29,55,32,5
11391,241,2025-07-10,118,19,3
19312,242,2025-03-11,50,20,4
18450,243,2025-07-31,83,38,1
11197,244,2025-07-31,64,50,1
17859,245,2025-06-16,26,54,5
11171,246,2025-07-30,39,47,1
17212,247,2025-06-08,63,37,4
10877,248,2025-04-14,13,31,5
14881,249,2025-07-21,50,21,3
16578,250,2025-08-16,50,47,5
17288,251,2025-08-18,101,20,3
14186,252,2025-02-28,15,17,5
19216,253,2025-07-04,102,53,2
17743,254,2025-01-02,50,36,3
12082,255,2025-06-06,79,22,2
16712,256,2025-06-05,67,52,4
17305,257,2025-04-10,36,58,1
13336,258,2025-09-29,112,20,5
17382,259,2025-08-30,27,32,1
18983,260,2025-01-11,5,30,2
18171,261,2025-02-27,91,43,3
17625,262,2025-02-26,75,58,1
16344,263,2025-09-03,107,33,3
12705,264,2025-05-22,55,48,5
17952,265,2025-07-18,3,36,5
13641,266,2025-08-10,3,54,1
15321,267,2025-07-29,52,25,3
13144,268,2025-01-25,30,24,3
13130,269,2025-02-08,111,26,1
11576,270,2025-04-18,15,60,4
19612,271,2025-04-03,106,37,3
11477,272,2025-07-23,27,10,4
10862,273,2025-02-12,15,3,2
19361,274,2025-04-12,33,32,2
15550,275,2025-03-06,18,49,4
14379,276,2025-02-21,49,29,4
17374,277,2025-02-17,40,34,1
13833,278,2025-02-23,64,48,2
11279,279,2025-06-04,65,31,3
17296,280,2025-04-22,1,55,5
11759,281,2025-04-29,15,39,2
15529,282,2025-05-11,20,44,2
19490,283,2025-07-22,24,47,5
19361,284,2025-08-24,12,38,4
13607,285,2025-05-24,38,4,5
17803,286,2025-06-25,66,26,4
16126,287,2025-07-21,38,9,5
14793,288,2025-07-08,40,31,1
11399,289,2025-02-06,57,9,2
13763,290,2025-09-26,66,31,2
16519,291,2025-02-14,40,21,1
19866,292,2025-04-23,27,2,4
10048,293,2025-06-28,50,8,4
17177,294,2025-04-21,3,31,1
18463,295,2025-03-08,60,5,1
19511,296,2025-09-10,113,52,1
14238,297,2025-01-20,48,46,3
11184,298,2025-03-09,13,43,3
12709,299,2025-09-29,85,11,2
18505,300,2025-07-19,16,48,5
18779,301,2025-01-24,24,39,2
16370,302,2025-07-25,18,24,3
11227,303,2025-09-22,107,1,3
11219,304,2025-01-27,118,32,2
14781,305,2025-04-24,69,48,5
15882,306,2025-05-08,75,3,5
10323,307,2025-02-05,78,4,1
16860,308,2025-02-24,74,23,3
15445,309,2025-02-17,66,31,1
10123,310,2025-02-20,119,29,3
10956,311,2025-04-21,88,26,4
14543,312,2025-05-07,11,16,3
17225,313,2025-03-06,48,4,2
18253,314,2025-03-21,117,2,2
14313,315,2025-02-22,49,6,2
12953,316,2025-08-06,25,42,2
19683,317,2025-02-27,105,48,2
14585,318,2025-09-05,75,27,4
13153,319,2025-05-28,68,5,1
14423,320,2025-08-08,51,25,1
10120,321,2025-06-23,15,60,3
13019,322,2025-03-14,47,15,4
15155,323,2025-06-14,53,30,2
19184,324,2025-03-16,112,33,2
17382,325,2025-02-02,37,20,4
17812,326,2025-03-11,18,27,2
15449,327,2025-03-17,52,29,4
11105,328,2025-02-06,120,29,1
13909,329,2025-01-07,58,44,1
19970,330,2025-09-15,46,35,3
10441,331,2025-05-21,81,4,2
18792,332,2025-04-20,78,1,4
16844,333,2025-09-11,36,25,3
12839,334,2025-03-03,117,55,2
17779,335,2025-04-20,72,3,1
18368,336,2025-08-20,7,5,1
10432,337,2025-06-22,49,41,4
11064,338,2025-04-19,111,28,2
16657,339,2025-03-11,48,14,3
19991,340,2025-01-10,69,13,5
10239,341,2025-01-24,74,40,5
16656,342,2025-02-14,85,32,2
11365,343,2025-08-03,105,39,1
16501,344,2025-06-24,18,17,4
16233,345,2025-04-29,63,32,4
10904,346,2025-08-02,65,52,2
16807,347,2025-02-13,19,19,3
18970,348,2025-02-27,81,24,1
18634,349,2025-04-18,15,10,4
10289,350,2025-09-08,55,39,4
12459,351,2025-06-17,40,2,2
12408,352,2025-08-21,19,15,3
14532,353,2025-03-09,99,43,2
11430,354,2025-08-20,30,2,1
18543,355,2025-01-20,31,60,1
17767,356,2025-03-04,103,25,5
18083,357,2025-05-23,106,24,3
11982,358,2025-01-14,5,33,1
10145,359,2025-08-23,34,39,1
19106,360,2025-08-25,86,28,2
12889,361,2025-05-28,94,54,5
16562,362,2025-03-25,120,58,2
19094,363,2025-01-28,67,13,5
10361,364,2025-06-18,1,43,3
10054,365,2025-05-27,105,19,4
10054,366,2025-07-27,20,60,4
11563,367,2025-06-14,15,16,1
10516,368,2025-02-05,81,18,1
18199,369,2025-02-03,73,43,5
16059,370,2025-08-02,8,48,5
19800,371,2025-02-13,21,8,1
18014,372,2025-09-14,71,34,4
19631,373,2025-01-29,31,21,5
12385,374,2025-07-18,83,37,5
12877,375,2025-09-24,50,34,2
18494,376,2025-05-01,71,60,5
12448,377,2025-01-16,57,57,4
10572,378,2025-08-28,44,40,5
16691,379,2025-02-21,42,41,1
18009,380,2025-05-24,84,54,4
19681,381,2025-09-26,62,12,1
19277,382,2025-07-23,72,44,2
11202,383,2025-01-13,70,47,1
17721,384,2025-08-12,25,8,3
18461,385,2025-02-14,110,53,5
16981,386,2025-07-24,68,42,4
18197,387,2025-06-19,87,21,2
18379,388,2025-03-20,106,30,3
14465,389,2025-04-26,111,30,2
10401,390,2025-02-02,81,56,4
14561,391,2025-09-27,95,59,2
12017,392,2025-03-07,57,49,1
11137,393,2025-03-26,89,40,3
11249,394,2025-05-18,39,7,5
16973,395,2025-07-03,86,55,3
15045,396,2025-05-18,11,9,2
15398,397,2025-05-18,110,11,1
17451,398,2025-06-09,30,5,5
15482,399,2025-08-23,79,57,4
16300,400,2025-04-18,2,30,1
10860,401,2025-08-16,19,15,1
18511,402,2025-08-03,119,5,1
14487,403,2025-09-20,101,25,2
11552,404,2025-09-07,27,44,5
18133,405,2025-08-06,16,60,1
17346,406,2025-03-09,98,34,5
10530,407,2025-07-31,119,37,1
11930,408,2025-07-21,21,51,4
10157,409,2025-03-21,80,55,2
12707,410,2025-07-05,35,17,5
10999,411,2025-03-11,90,60,3
17099,412,2025-05-23,51,32,2
15225,413,2025-08-06,16,56,2
19802,414,2025-02-21,39,8,5
17494,415,2025-04-02,65,6,3
16115,416,2025-08-06,96,54,2
15093,417,2025-05-04,3,41,4
10545,418,2025-09-20,115,11,3
10702,419,2025-01-03,78,54,4
16163,420,2025-07-17,106,7,3
10043,421,2025-08-11,112,41,1
10423,422,2025-09-08,19,13,1
12191,423,2025-02-12,12,5,1
18841,424,2025-09-26,94,49,3
14589,425,2025-04-18,23,51,3
17095,426,2025-04-07,18,7,4
14115,427,2025-04-08,57,6,5
11731,428,2025-06-24,110,37,1
13711,429,2025-06-29,96,2,5
10917,430,2025-05-10,63,45,5
17702,431,2025-01-20,24,55,4
11835,432,2025-09-27,41,46,3
13763,433,2025-03-02,83,14,1
19800,434,2025-01-26,19,12,1
15919,435,2025-06-13,63,41,1
14585,436,2025-04-23,2,4,4
15430,437,2025-06-18,40,33,3
17840,438,2025-08-28,30,27,1
12544,439,2025-01-27,82,45,1
16364,440,2025-03-19,110,13,1
18726,441,2025-05-22,18,46,4
15724,442,2025-08-04,96,42,4
14465,443,2025-06-13,79,15,4
11451,444,2025-04-15,117,22,1
12482,445,2025-06-16,110,4,1
19460,446,2025-09-25,13,27,1
15412,447,2025-05-12,90,16,4
13013,448,2025-08-30,72,7,4
14183,449,2025-08-01,14,34,2
15780,450,2025-03-24,31,35,1
15375,451,2025-03-10,112,6,2
16997,452,2025-07-30,66,12,5
12574,453,2025-02-26,41,5,1
16492,454,2025-04-02,39,41,4
14426,455,2025-03-06,101,21,3
19405,456,2025-06-15,35,5,1
11579,457,2025-03-22,20,12,5
11484,458,2025-06-29,69,59,3
14616,459,2025-09-13,120,16,4
15083,460,2025-08-15,22,42,1
16908,461,2025-09-16,31,29,2
14040,462,2025-01-07,57,11,4
19137,463,2025-05-05,24,19,4
14741,464,2025-03-02,79,1,1
11293,465,2025-09-08,31,45,4
11192,466,2025-07-14,16,21,5
19734,467,2025-03-29,32,30,4
11340,468,2025-06-03,112,10,2
19478,469,2025-06-15,113,50,5
12780,470,2025-05-16,61,14,4
10934,471,2025-05-10,49,34,1
13047,472,2025-01-16,99,53,1
16146,473,2025-05-04,24,43,5
14279,474,2025-04-06,79,37,2
17855,475,2025-08-12,82,54,1
16109,476,2025-08-25,86,11,3
14007,477,2025-07-24,27,58,3
16346,478,2025-01-09,86,34,3
19714,479,2025-08-18,74,25,4
14118,480,2025-04-19,106,16,5
11534,481,2025-04-24,21,45,4
14087,482,2025-09-16,74,59,1
18401,483,2025-08-25,100,42,1
12176,484,2025-01-14,34,2,1
19491,485,2025-04-09,90,29,2
15883,486,2025-07-24,12,44,2
16015,487,2025-05-28,87,24,5
13170,488,2025-03-12,73,47,2
19204,489,2025-05-24,24,43,1
10360,490,2025-08-25,8,5,5
12986,491,2025-03-02,90,34,2
14184,492,2025-07-23,29,11,5
14772,493,2025-07-20,60,30,4
14741,494,2025-08-30,8,24,5
11479,495,2025-03-23,116,49,5
12255,496,2025-02-28,66,53,1
10952,497,2025-05-30,112,28,4
15724,498,2025-05-26,20,33,3
13508,499,2025-04-22,25,38,4
15657,500,2025-08-01,74,40,4
15897,501,2025-08-07,73,39,3
17020,502,2025-03-09,95,47,2
15470,503,2025-08-06,112,59,5
16479,504,2025-03-04,99,50,4
15871,505,2025-04-22,17,9,5
16524,506,2025-01-08,38,29,2
16166,507,2025-04-03,110,28,5
13162,508,2025-09-19,66,31,2
12462,509,2025-05-01,105,32,3
17874,510,2025-07-13,68,44,5
13427,511,2025-01-30,6,26,2
15491,512,2025-06-23,57,16,2
11969,513,2025-04-12,99,28,5
14314,514,2025-07-23,79,52,5
15296,515,2025-09-11,16,19,2
16260,516,2025-05-26,26,2,2
15263,517,2025-01-29,103,59,2
13606,518,2025-05-10,118,12,1
19617,519,2025-02-03,91,37,3
15127,520,2025-05-03,12,49,2
18083,521,2025-01-17,75,17,5
17367,522,2025-06-24,100,21,1
15583,523,2025-03-26,77,17,4
18864,524,2025-02-25,72,9,3
11282,525,2025-01-05,57,10,4
19210,526,2025-08-31,30,12,1
18502,527,2025-08-17,34,28,3
15036,528,2025-08-10,90,32,4
17333,529,2025-01-16,9,1,2
15202,530,2025-04-06,11,51,5
12687,531,2025-09-23,48,41,3
17998,532,2025-06-07,93,5,2
12459,533,2025-02-05,79,51,1
13144,534,2025-02-08,71,2,1
15192,535,2025-03-13,65,34,3
18373,536,2025-09-23,14,28,3
13839,537,2025-02-16,40,31,5
14941,538,2025-09-04,10,58,4
10416,539,2025-07-05,91,56,1
11158,540,2025-09-09,91,17,3
10559,541,2025-08-14,31,35,3
10720,542,2025-04-01,36,58,1
18685,543,2025-08-15,39,44,4
18419,544,2025-02-16,107,54,3
18218,545,2025-03-21,59,27,1
10555,546,2025-02-27,92,17,3
10776,547,2025-02-06,54,31,4
12806,548,2025-01-25,84,50,2
15652,549,2025-02-21,64,56,2
13341,550,2025-02-02,34,42,1
14875,551,2025-04-14,106,43,2
11729,552,2025-01-20,86,31,5
17307,553,2025-01-17,93,20,4
13138,554,2025-09-28,114,26,1
10665,555,2025-01-24,30,30,3
17426,556,2025-01-21,11,49,1
19027,557,2025-01-09,70,34,3
10146,558,2025-02-06,40,48,1
14366,559,2025-05-25,53,2,4
18271,560,2025-08-14,29,46,3
17061,561,2025-07-20,48,31,4
18565,562,2025-06-08,48,60,3
14152,563,2025-01-24,43,29,2
13722,564,2025-07-31,90,29,2
17091,565,2025-01-11,72,8,2
11536,566,2025-06-22,57,49,3
12394,567,2025-04-22,14,43,3
16008,568,2025-08-29,69,52,4
16684,569,2025-03-25,22,6,1
11196,570,2025-06-24,38,13,2
15083,571,2025-05-01,50,53,5
13649,572,2025-05-23,17,3,5
15017,573,2025-09-14,47,31,5
19584,574,2025-07-14,33,25,2
10766,575,2025-04-24,102,57,1
19954,576,2025-05-03,104,52,1
14495,577,2025-07-12,1,54,1
17721,578,2025-04-05,73,18,5
14244,579,2025-02-15,77,36,5
13109,580,2025-05-08,46,43,5
17705,581,2025-01-19,57,59,4
16876,582,2025-02-16,95,1,2
11440,583,2025-04-25,46,59,3
17054,584,2025-08-06,8,22,5
17530,585,2025-08-02,45,8,5
13878,586,2025-03-13,31,37,3
19256,587,2025-04-26,46,47,5
16408,588,2025-02-11,28,8,2
13336,589,2025-07-26,18,3,3
10107,590,2025-03-09,119,54,5
16749,591,2025-08-07,16,57,2
12090,592,2025-08-18,85,10,4
17565,593,2025-07-08,87,55,3
15250,594,2025-04-01,75,55,2
14667,595,2025-09-18,110,60,2
11637,596,2025-07-07,1,13,4
17115,597,2025-06-26,37,35,3
11659,598,2025-08-22,23,60,2
14177,599,2025-08-29,70,55,4
18363,600,2025-01-22,77,37,1
19203,601,2025-08-29,108,12,1
19891,602,2025-07-28,46,6,5
19580,603,2025-02-26,29,16,4
15559,604,2025-03-25,111,4,3
12004,605,2025-07-25,81,12,1
18390,606,2025-03-01,92,5,3
18016,607,2025-05-04,54,46,3
19903,608,2025-07-08,54,36,3
16509,609,2025-06-27,47,32,1
11415,610,2025-09-06,90,49,3
15029,611,2025-01-31,26,25,3
14482,612,2025-03-22,118,25,2
18429,613,2025-09-26,22,13,1
13925,614,2025-06-05,56,27,5
13285,615,2025-03-09,38,11,4
10800,616,2025-03-21,78,36,4
18354,617,2025-04-03,82,60,4
17553,618,2025-06-01,111,32,4
10412,619,2025-03-19,95,18,1
14337,620,2025-06-19,30,42,3
14797,621,2025-05-02,25,50,5
14693,622,2025-06-16,107,29,2
19189,623,2025-02-12,59,16,5
11506,624,2025-06-20,12,43,1
13063,625,2025-09-10,99,12,2
11809,626,2025-02-06,78,60,2
12440,627,2025-03-31,4,20,4
19071,628,2025-07-09,94,22,1
19407,629,2025-06-18,73,44,2
10446,630,2025-07-04,74,1,4
16320,631,2025-06-02,104,13,2
12328,632,2025-07-06,60,8,5
11925,633,2025-06-16,56,24,5
12920,634,2025-01-21,75,34,2
11943,635,2025-07-25,24,11,3
14901,636,2025-05-02,19,21,2
19956,637,2025-01-15,102,47,2
15864,638,2025-04-22,26,57,4
17232,639,2025-04-29,61,1,2
14932,640,2025-01-24,33,38,1
10139,641,2025-09-29,28,2,2
10841,642,2025-03-02,72,32,5
12688,643,2025-04-01,97,53,2
12436,644,2025-05-01,54,48,2
18405,645,2025-08-16,17,14,4
18435,646,2025-07-22,30,16,1
18541,647,2025-07-30,20,48,2
16375,648,2025-03-06,106,50,1
15561,649,2025-08-19,39,17,5
16491,650,2025-08-15,45,1,5
14068,651,2025-05-07,9,27,4
16702,652,2025-05-30,54,38,2
17944,653,2025-01-11,110,27,4
17629,654,2025-07-27,50,57,4
16138,655,2025-09-20,79,49,5
10581,656,2025-05-10,22,48,1
17249,657,2025-05-28,18,2,4
13666,658,2025-05-17,88,52,1
17436,659,2025-01-23,8,46,3
15395,660,2025-06-19,54,24,5
18811,661,2025-07-16,39,36,1
13384,662,2025-09-11,2,50,1
19313,663,2025-09-11,64,55,5
18444,664,2025-05-15,116,34,1
13311,665,2025-09-19,9,3,4
14825,666,2025-05-25,98,38,3
15313,667,2025-06-25,65,41,2
17686,668,2025-06-14,87,4,5
16891,669,2025-09-30,12,50,5
18520,670,2025-07-21,105,13,2
13698,671,2025-02-02,2,54,1
15047,672,2025-01-20,109,34,1
14308,673,2025-04-22,79,20,1
19095,674,2025-05-21,41,4,5
13049,675,2025-07-02,1,2,3
15871,676,2025-05-12,74,45,4
11201,677,2025-05-21,11,23,2
18502,678,2025-09-09,74,51,5
13842,679,2025-04-02,93,14,4
13405,680,2025-05-15,33,56,4
15829,681,2025-06-02,29,57,3
14988,682,2025-05-08,27,7,4
18479,683,2025-09-22,27,39,3
15314,684,2025-09-20,14,57,2
15169,685,2025-05-21,30,20,3
11049,686,2025-05-04,80,5,2
10219,687,2025-06-10,37,53,5
13985,688,2025-02-19,94,29,4
19982,689,2025-04-27,99,2,4
19173,690,2025-03-01,92,51,4
16289,691,2025-02-09,65,41,3
16308,692,2025-01-26,38,5,5
13915,693,2025-06-10,112,16,2
11775,694,2025-01-01,25,2,3
10085,695,2025-06-26,56,58,1
13388,696,2025-04-28,55,2,2
13164,697,2025-04-11,90,48,3
11916,698,2025-07-30,66,31,3
12591,699,2025-05-28,96,35,5
10248,700,2025-07-20,111,49,4
16079,701,2025-07-13,47,54,3
19274,702,2025-01-09,105,8,3
16907,703,2025-02-28,21,2,4
14482,704,2025-06-05,110,8,4
14202,705,2025-09-24,22,41,2
13075,706,2025-02-12,103,35,3
11424,707,2025-01-29,47,6,3
15984,708,2025-09-14,116,15,1
15665,709,2025-09-21,16,33,5
10073,710,2025-02-15,56,44,3
14155,711,2025-04-20,109,21,2
12780,712,2025-06-21,6,57,4
11702,713,2025-02-23,32,60,4
17030,714,2025-03-31,11,46,5
15258,715,2025-04-18,39,28,1
16337,716,2025-06-25,47,53,3
17134,717,2025-03-26,75,44,1
19818,718,2025-04-23,31,32,3
18027,719,2025-03-21,20,27,3
16203,720,2025-07-27,21,50,3
18790,721,2025-02-11,113,34,5
14775,722,2025-03-04,115,11,3
19847,723,2025-03-10,27,60,3
17614,724,2025-09-05,24,5,1
16508,725,2025-09-15,7,42,2
19033,726,2025-05-17,116,40,5
15150,727,2025-02-12,85,36,3
17206,728,2025-07-26,92,4,5
12847,729,2025-05-15,35,30,3
19632,730,2025-08-20,77,54,3
16233,731,2025-04-09,8,15,3
17820,732,2025-09-30,82,42,3
14607,733,2025-08-09,70,52,1
18668,734,2025-03-03,40,58,1
10741,735,2025-07-18,86,31,3
11141,736,2025-03-20,78,19,3
15071,737,2025-04-06,53,42,3
17324,738,2025-03-10,23,30,3
18092,739,2025-07-06,3,38,2
14400,740,2025-03-13,113,45,4
16496,741,2025-06-24,34,43,4
15531,742,2025-06-09,37,15,1
19615,743,2025-07-24,82,46,3
16541,744,2025-09-29,31,33,4
14168,745,2025-01-03,46,56,4
19698,746,2025-09-28,86,40,2
11072,747,2025-01-30,72,54,5
19845,748,2025-05-24,79,59,4
11540,749,2025-04-04,1,60,3
12882,750,2025-06-24,55,45,4
18214,751,2025-07-17,58,36,5
17337,752,2025-08-23,76,8,2
19703,753,2025-04-20,19,24,1
17499,754,2025-09-12,20,29,3
16370,755,2025-03-30,92,47,1
13464,756,2025-02-25,81,36,5
10047,757,2025-04-14,98,27,5
11238,758,2025-05-25,33,9,4
12977,759,2025-07-02,120,43,5
10409,760,2025-08-16,33,26,1
15081,761,2025-03-03,79,3,4
17773,762,2025-03-24,20,18,3
19632,763,2025-09-14,111,53,2
14896,764,2025-05-01,40,8,2
18750,765,2025-03-07,97,25,3
19855,766,2025-09-27,40,31,4
18598,767,2025-05-03,95,6,1
14649,768,2025-09-26,55,10,4
13252,769,2025-09-08,8,57,5
19779,770,2025-09-05,23,36,1
12419,771,2025-06-08,83,13,5
14115,772,2025-08-06,24,11,4
10740,773,2025-09-20,34,26,2
17936,774,2025-03-15,66,44,4
16498,775,2025-01-11,31,44,4
10848,776,2025-03-29,16,12,4
12219,777,2025-06-23,75,44,1
15554,778,2025-05-30,83,54,1
15404,779,2025-01-22,88,14,4
18020,780,2025-06-03,114,2,2
12660,781,2025-02-17,15,58,2
19247,782,2025-05-19,52,32,3
14444,783,2025-06-07,29,47,4
18225,784,2025-06-23,109,20,1
12383,785,2025-04-23,65,18,5
10369,786,2025-04-22,12,14,3
10550,787,2025-07-05,84,14,1
13727,788,2025-07-24,6,29,1
19531,789,2025-08-09,33,7,5
10486,790,2025-04-02,87,51,1
13689,791,2025-04-26,61,31,3
11092,792,2025-04-01,92,55,4
19315,793,2025-05-25,69,31,3
16753,794,2025-02-04,102,19,2
17626,795,2025-04-28,68,31,1
17132,796,2025-02-21,7,10,4
16570,797,2025-05-26,9,50,3
17737,798,2025-08-21,94,44,1
10081,799,2025-09-27,5,9,1
18654,800,2025-05-02,46,35,3
17398,801,2025-01-16,2,33,1
17394,802,2025-03-04,37,13,2
13934,803,2025-01-29,72,8,1
18008,804,2025-07-27,21,46,4
13818,805,2025-09-26,56,16,4
10489,806,2025-06-01,120,32,4
19078,807,2025-02-18,9,15,1
12345,808,2025-01-06,8,40,2
11019,809,2025-09-24,33,3,2
16218,810,2025-03-28,100,22,4
12336,811,2025-01-31,49,33,5
18581,812,2025-02-18,77,27,2
14437,813,2025-03-11,5,37,4
10045,814,2025-06-29,89,11,3
19517,815,2025-09-01,9,27,5
15146,816,2025-03-17,86,46,1
12629,817,2025-07-07,18,21,5
16772,818,2025-01-18,104,10,3
15306,819,2025-01-03,36,51,2
10296,820,2025-01-15,23,47,1
17596,821,2025-09-10,41,41,5
14013,822,2025-06-08,1,48,5
16998,823,2025-08-08,20,47,1
18956,824,2025-01-06,72,45,3
16106,825,2025-01-07,37,31,4
16716,826,2025-08-20,43,2,3
12546,827,2025-01-29,97,36,1
12376,828,2025-02-12,15,17,2
14150,829,2025-05-22,48,47,2
18527,830,2025-06-15,23,29,2
15241,831,2025-03-04,58,55,5
13480,832,2025-05-02,40,36,2
17796,833,2025-07-04,6,34,4
18533,834,2025-05-01,9,56,5
19025,835,2025-04-15,103,29,4
12989,836,2025-01-20,7,23,4
17096,837,2025-05-04,94,23,1
15903,838,2025-08-08,110,53,1
14489,839,2025-06-21,56,46,4
13969,840,2025-09-01,38,10,4
11145,841,2025-02-04,94,30,4
12748,842,2025-01-04,118,23,3
15496,843,2025-05-30,15,39,3
18865,844,2025-02-18,116,4,1
18663,845,2025-06-12,114,43,2
11875,846,2025-09-04,18,45,3
16793,847,2025-04-03,7,14,1
10848,848,2025-05-31,86,10,1
16750,849,2025-07-06,10,38,1
13419,850,2025-02-10,73,16,2
14498,851,2025-09-02,8,57,5
17176,852,2025-02-25,83,47,4
14248,853,2025-08-09,28,58,5
18074,854,2025-06-30,12,33,2
15335,855,2025-02-08,8,57,3
19987,856,2025-07-17,23,1,5
16382,857,2025-02-23,65,18,2
12963,858,2025-06-13,10,1,4
17752,859,2025-09-19,97,41,4
14079,860,2025-09-18,73,31,5
15341,861,2025-08-26,36,18,5
11368,862,2025-05-15,119,19,4
11193,863,2025-06-02,80,39,3
15748,864,2025-03-23,81,11,5
11866,865,2025-09-09,21,31,4
19975,866,2025-05-11,86,37,2
18556,867,2025-07-30,68,15,4
17008,868,2025-04-09,119,14,3
17346,869,2025-07-22,58,22,2
15952,870,2025-03-03,82,36,3
10602,871,2025-07-20,41,16,4
13923,872,2025-01-13,5,23,5
14958,873,2025-01-29,16,33,3
19152,874,2025-04-07,105,12,1
12194,875,2025-05-12,89,35,5
14969,876,2025-07-14,44,9,3
13440,877,2025-04-09,84,9,2
11343,878,2025-01-06,1,15,4
11030,879,2025-03-30,5,18,2
13653,880,2025-04-30,61,2,2
10824,881,2025-05-29,75,58,5
10671,882,2025-06-25,113,19,5
13508,883,2025-03-09,92,49,3
12019,884,2025-06-16,31,55,2
15548,885,2025-06-22,98,49,5
10176,886,2025-08-01,59,50,1
13018,887,2025-05-23,100,7,4
14532,888,2025-08-10,21,23,3
19631,889,2025-03-02,4,45,5
16345,890,2025-07-14,7,35,3
18807,891,2025-01-13,119,1,5
13432,892,2025-01-29,10,35,1
14497,893,2025-08-25,113,49,4
14203,894,2025-05-10,88,50,1
18873,895,2025-06-19,18,24,4
19592,896,2025-06-14,104,15,1
19623,897,2025-07-09,18,19,5
17519,898,2025-03-09,18,18,4
15031,899,2025-02-18,70,21,1
15408,900,2025-01-12,35,19,5
19805,901,2025-08-25,35,28,2
12845,902,2025-03-03,24,3,3
13467,903,2025-06-07,73,17,1
18969,904,2025-05-05,4,19,1
13863,905,2025-02-14,30,10,2
12350,906,2025-04-24,67,53,3
15604,907,2025-01-23,59,41,3
13253,908,2025-02-18,84,55,5
18908,909,2025-02-08,26,34,1
19090,910,2025-08-14,78,7,4
13060,911,2025-06-04,92,55,1
15295,912,2025-09-10,47,28,2
19839,913,2025-04-30,31,42,1
17423,914,2025-02-24,67,23,1
12156,915,2025-06-16,70,30,3
15907,916,2025-09-11,12,30,5
16198,917,2025-05-26,68,18,4
16534,918,2025-01-05,19,34,5
10250,919,2025-03-24,69,45,3
12993,920,2025-09-10,112,2,1
18546,921,2025-05-22,65,8,2
12413,922,2025-09-17,92,51,5
12996,923,2025-05-20,38,35,1
13224,924,2025-01-04,111,59,1
11773,925,2025-08-27,98,37,5
11554,926,2025-07-28,111,40,1
13470,927,2025-07-15,89,54,5
18743,928,2025-09-22,78,40,4
10015,929,2025-02-23,64,20,4
12832,930,2025-09-05,112,32,3
10606,931,2025-03-05,102,15,1
15614,932,2025-09-23,51,21,3
12506,933,2025-02-22,11,41,5
17919,934,2025-05-31,1,9,5
15850,935,2025-08-04,29,41,3
17838,936,2025-01-22,8,36,5
16349,937,2025-01-19,26,19,4
14383,938,2025-08-20,14,3,1
18609,939,2025-01-17,118,43,4
14762,940,2025-06-17,12,50,4
19499,941,2025-09-14,76,44,3
19947,942,2025-06-17,43,26,4
15890,943,2025-05-12,21,40,5
16745,944,2025-04-24,85,25,3
12556,945,2025-06-24,117,22,2
18146,946,2025-06-06,95,20,5
16715,947,2025-05-17,118,13,5
19025,948,2025-02-11,71,59,4
12670,949,2025-06-30,81,40,4
17875,950,2025-07-21,18,11,1
14702,951,2025-07-13,103,52,3
11851,952,2025-01-21,90,10,1
11711,953,2025-07-11,31,36,3
15621,954,2025-07-19,43,10,5
13194,955,2025-02-20,74,22,2
11018,956,2025-08-20,2,40,5
14271,957,2025-05-24,99,60,1
16529,958,2025-05-09,34,60,1
13189,959,2025-07-17,9,54,5
19553,960,2025-05-20,40,15,1
17795,961,2025-05-29,101,6,4
15127,962,2025-03-27,33,55,4
19346,963,2025-09-11,65,56,2
14329,964,2025-09-22,98,17,1
11396,965,2025-02-05,5,2,2
10358,966,2025-07-20,92,39,1
19380,967,2025-01-07,35,5,4
19597,968,2025-04-11,84,3,5
17392,969,2025-09-22,23,57,5
11030,970,2025-02-17,17,30,5
12936,971,2025-04-13,95,7,4
10410,972,2025-03-01,97,40,5
10512,973,2025-07-18,118,23,4
12460,974,2025-05-07,82,33,4
15721,975,2025-06-11,56,54,5
10655,976,2025-09-15,24,15,2
19846,977,2025-05-23,36,39,3
14551,978,2025-07-20,78,50,5
12638,979,2025-01-27,42,26,2
15160,980,2025-02-28,59,59,2
17901,981,2025-09-16,21,27,1
13125,982,2025-08-23,53,28,2
10475,983,2025-06-29,29,54,3
10509,984,2025-04-14,14,39,5
18519,985,2025-02-24,16,53,1
11116,986,2025-08-21,63,48,4
16355,987,2025-08-03,44,43,4
13845,988,2025-03-07,12,15,5
17775,989,2025-06-11,62,24,4
10605,990,2025-06-18,20,52,1
18977,991,2025-05-11,2,37,3
16981,992,2025-09-10,16,17,5
14492,993,2025-02-03,54,20,5
12070,994,2025-03-12,115,47,4
19771,995,2025-01-26,30,11,5
13020,996,2025-07-09,35,7,4
14905,997,2025-06-25,30,46,1
13941,998,2025-09-27,43,18,5
12305,999,2025-05-29,87,46,1
14166,1000,2025-02-11,39,33,2
11514,1001,2025-05-04,79,60,2
10016,1002,2025-01-25,108,32,4
12899,1003,2025-07-03,114,53,1
11120,1004,2025-07-04,68,52,4
14147,1005,2025-08-23,86,13,5
18627,1006,2025-04-03,111,60,4
11625,1007,2025-03-26,95,45,2
10012,1008,2025-01-20,36,7,5
11110,1009,2025-04-24,16,1,2
15081,1010,2025-05-10,14,17,4
12748,1011,2025-07-25,106,1,3
14895,1012,2025-07-25,67,22,1
10292,1013,2025-02-08,36,60,1
13330,1014,2025-03-19,42,29,1
14101,1015,2025-05-20,34,2,5
14313,1016,2025-04-02,97,30,5
15511,1017,2025-01-07,74,14,3
17805,1018,2025-08-19,106,52,5
14672,1019,2025-07-19,37,6,1
18412,1020,2025-05-22,57,47,5
15297,1021,2025-03-28,15,27,2
12603,1022,2025-08-19,117,2,1
12290,1023,2025-01-10,62,41,4
13224,1024,2025-05-02,67,28,2
15974,1025,2025-08-07,50,47,2
12424,1026,2025-09-18,33,38,4
19141,1027,2025-03-10,114,48,2
14798,1028,2025-06-27,59,28,4
18632,1029,2025-02-21,81,1,1
16832,1030,2025-02-01,5,8,1
13333,1031,2025-04-07,34,28,2
12282,1032,2025-08-30,97,24,4
17439,1033,2025-07-08,11,48,2
13307,1034,2025-05-14,13,25,1
12468,1035,2025-03-19,98,52,4
19303,1036,2025-02-08,38,12,3
14826,1037,2025-03-15,33,24,3
10485,1038,2025-02-11,68,46,2
14947,1039,2025-02-21,24,8,1
14607,1040,2025-07-07,6,20,1
18639,1041,2025-02-06,1,46,4
17115,1042,2025-01-13,10,36,1
11913,1043,2025-05-29,20,47,2
11504,1044,2025-03-20,84,31,5
16035,1045,2025-05-05,36,52,2
10473,1046,2025-02-08,9,53,4
13190,1047,2025-02-27,2,59,2
11382,1048,2025-05-01,58,8,5
10205,1049,2025-07-08,101,36,5
19188,1050,2025-04-24,41,7,3
10898,1051,2025-05-28,8,14,4
10092,1052,2025-05-23,28,19,3
19328,1053,2025-03-15,60,39,5
11883,1054,2025-03-18,23,26,2
18165,1055,2025-04-27,118,52,5
10312,1056,2025-01-09,92,18,4
11535,1057,2025-07-07,42,38,4
11106,1058,2025-06-17,115,46,2
17062,1059,2025-03-25,40,59,5
16201,1060,2025-04-13,17,15,4
14755,1061,2025-03-31,113,45,5
12416,1062,2025-06-27,116,6,5
10888,1063,2025-07-27,38,33,1
15692,1064,2025-01-30,72,25,5
12307,1065,2025-04-23,21,58,5
15901,1066,2025-01-04,77,47,2
16874,1067,2025-05-04,83,56,5
18494,1068,2025-03-09,86,52,3
14939,1069,2025-04-02,69,25,2
10047,1070,2025-05-05,85,45,2
12806,1071,2025-03-30,67,2,2
18533,1072,2025-04-18,99,34,1
15332,1073,2025-07-28,22,3,4
16191,1074,2025-08-10,59,44,4
14578,1075,2025-01-02,50,59,4
11627,1076,2025-04-14,65,41,3
18967,1077,2025-08-20,18,51,2
17729,1078,2025-05-25,39,15,4
19951,1079,2025-02-26,115,60,5
18554,1080,2025-06-12,13,34,1
12911,1081,2025-02-09,77,41,2
12542,1082,2025-01-06,80,47,5
12484,1083,2025-06-22,57,39,5
19187,1084,2025-05-21,5,20,5
15569,1085,2025-07-26,5,37,1
14544,1086,2025-04-05,34,40,3
19682,1087,2025-08-22,13,52,1
16034,1088,2025-04-26,12,29,5
19094,1089,2025-07-21,20,31,3
19846,1090,2025-01-28,23,31,2
10794,1091,2025-01-27,101,7,1
13615,1092,2025-08-02,77,6,4
17341,1093,2025-08-16,4,2,5
18131,1094,2025-09-15,76,40,5
11484,1095,2025-03-30,17,26,5
13183,1096,2025-01-07,51,52,5
15481,1097,2025-09-25,5,43,4
17992,1098,2025-06-14,11,9,5
11129,1099,2025-03-09,16,7,5
16007,1100,2025-07-28,53,22,3
12964,1101,2025-09-04,56,56,4
12163,1102,2025-03-19,43,3,5
15153,1103,2025-07-30,75,12,1
14140,1104,2025-08-04,87,2,4
16357,1105,2025-05-17,88,25,2
13176,1106,2025-06-22,70,60,1
18232,1107,2025-03-15,66,42,1
10781,1108,2025-09-11,59,30,1
18618,1109,2025-09-26,29,9,5
10298,1110,2025-09-25,59,22,4
17358,1111,2025-07-21,2,32,1
13464,1112,2025-01-12,116,17,4
13833,1113,2025-04-11,45,43,4
10190,1114,2025-05-02,91,59,3
17021,1115,2025-09-20,115,13,4
11654,1116,2025-05-30,60,16,5
16591,1117,2025-05-27,104,8,3
17251,1118,2025-02-10,58,44,4
18452,1119,2025-08-05,16,28,3
17080,1120,2025-04-02,4,18,2
13015,1121,2025-01-26,17,14,5
17385,1122,2025-09-27,114,5,3
18259,1123,2025-02-21,58,29,4
13171,1124,2025-01-05,39,41,4
11241,1125,2025-01-22,54,15,4
18900,1126,2025-05-04,31,1,4
11479,1127,2025-01-29,105,29,4
15938,1128,2025-08-19,120,41,3
12362,1129,2025-05-20,11,21,4
11260,1130,2025-03-30,87,16,3
17764,1131,2025-01-01,41,10,2
11437,1132,2025-05-11,6,45,4
16702,1133,2025-02-11,111,52,5
16930,1134,2025-09-25,8,47,4
10602,1135,2025-03-21,25,32,4
11729,1136,2025-05-10,4,44,5
17943,1137,2025-01-06,57,24,2
15072,1138,2025-02-05,72,2,1
11213,1139,2025-02-26,39,23,2
19917,1140,2025-01-15,9,43,4
12649,1141,2025-07-18,14,39,5
10040,1142,2025-09-16,113,60,3
19241,1143,2025-09-27,97,60,4
10165,1144,2025-03-14,113,15,1
15533,1145,2025-08-04,64,1,4
19930,1146,2025-05-18,66,17,4
15778,1147,2025-01-13,95,53,3
15846,1148,2025-01-25,74,49,4
13881,1149,2025-05-30,53,6,3
11269,1150,2025-04-26,36,10,3
15726,1151,2025-01-03,59,34,4
18973,1152,2025-09-11,8,40,4
10911,1153,2025-07-19,24,59,2
18803,1154,2025-05-18,89,46,2
14150,1155,2025-09-27,105,13,3
15362,1156,2025-09-23,13,3,2
11654,1157,2025-09-23,12,39,2
16217,1158,2025-03-12,11,34,2
11823,1159,2025-08-29,95,56,2
12731,1160,2025-05-18,38,35,3
17216,1161,2025-07-18,40,31,3
10505,1162,2025-08-23,2,19,4
14471,1163,2025-02-14,117,6,2
15945,1164,2025-05-03,53,53,5
11320,1165,2025-02-05,96,50,3
12947,1166,2025-03-18,85,10,4
13435,1167,2025-04-23,18,43,1
16636,1168,2025-08-22,97,22,1
19767,1169,2025-08-24,67,27,3
18362,1170,2025-04-17,73,51,2
11897,1171,2025-03-31,25,51,3
10181,1172,2025-05-25,102,12,1
10519,1173,2025-09-06,112,19,3
15957,1174,2025-09-24,49,50,4
11562,1175,2025-03-03,12,56,4
12312,1176,2025-02-20,102,5,2
18473,1177,2025-07-12,107,51,2
18738,1178,2025-03-24,61,30,3
18390,1179,2025-02-24,70,36,3
12536,1180,2025-01-09,27,5,4
16196,1181,2025-04-21,9,41,2
16107,1182,2025-04-17,114,41,4
11852,1183,2025-06-03,58,40,5
15535,1184,2025-02-24,33,48,2
15252,1185,2025-07-15,84,57,5
13961,1186,2025-07-05,4,51,2
17516,1187,2025-05-07,10,45,2
16776,1188,2025-02-19,30,59,4
15326,1189,2025-05-19,55,41,4
17257,1190,2025-07-04,45,41,3
17631,1191,2025-04-12,23,33,2
15669,1192,2025-03-13,43,47,1
12676,1193,2025-05-19,41,5,5
17584,1194,2025-04-07,63,31,5
17176,1195,2025-04-20,68,26,5
19834,1196,2025-04-06,106,55,3
11497,1197,2025-03-24,97,5,5
14192,1198,2025-07-15,36,39,3
19242,1199,2025-05-06,109,12,1
15145,1200,2025-05-08,63,54,1
19426,1201,2025-06-28,23,52,2
10124,1202,2025-04-09,41,15,2
10351,1203,2025-01-28,90,53,5
17960,1204,2025-08-21,99,30,2
13584,1205,2025-01-16,45,59,4
15202,1206,2025-06-06,19,44,2
14280,1207,2025-03-14,24,3,4
14079,1208,2025-02-28,13,13,3
19394,1209,2025-01-12,84,25,1
10940,1210,2025-09-03,61,13,3
17722,1211,2025-04-28,55,8,1
18896,1212,2025-04-04,81,59,5
16574,1213,2025-07-22,100,53,4
13950,1214,2025-01-11,96,27,5
11600,1215,2025-06-04,17,13,5
16825,1216,2025-05-16,71,11,2
14687,1217,2025-06-01,106,55,4
11493,1218,2025-02-03,93,20,1
13596,1219,2025-09-18,40,1,5
19615,1220,2025-03-07,48,24,4
12653,1221,2025-07-05,107,28,4
11784,1222,2025-07-23,4,38,5
16819,1223,2025-04-04,64,21,5
11995,1224,2025-02-05,14,56,5
19199,1225,2025-03-22,108,39,1
18589,1226,2025-08-09,5,60,1
19835,1227,2025-09-05,3,23,5
19125,1228,2025-09-13,40,40,2
12437,1229,2025-03-03,25,22,3
12121,1230,2025-06-15,60,42,1
13426,1231,2025-02-11,36,45,4
14698,1232,2025-07-13,43,20,5
18799,1233,2025-04-24,68,57,5
17334,1234,2025-07-14,68,52,3
16444,1235,2025-07-07,113,54,4
18783,1236,2025-09-29,58,14,3
16458,1237,2025-05-14,68,44,3
13790,1238,2025-04-04,82,7,3
14130,1239,2025-05-24,21,7,5
15170,1240,2025-02-14,81,59,2
10887,1241,2025-01-31,104,10,3
17417,1242,2025-05-22,39,52,4
16527,1243,2025-08-14,22,26,3
17311,1244,2025-05-26,42,19,1
15339,1245,2025-08-02,34,5,2
17829,1246,2025-02-18,71,41,4
19497,1247,2025-05-03,104,44,4
15699,1248,2025-06-17,72,29,4
14443,1249,2025-04-05,16,49,5
11046,1250,2025-01-04,38,20,4
17786,1251,2025-01-21,83,34,3
19039,1252,2025-09-11,40,18,2
16994,1253,2025-06-15,71,35,2
18655,1254,2025-03-14,84,9,5
18611,1255,2025-03-12,40,29,3
17980,1256,2025-01-11,78,33,4
15028,1257,2025-09-15,48,34,1
10998,1258,2025-01-30,17,27,1
10032,1259,2025-07-27,45,39,2
12043,1260,2025-03-07,53,31,1
14310,1261,2025-04-02,1,17,4
17436,1262,2025-03-16,108,13,4
14558,1263,2025-08-14,64,39,3
10231,1264,2025-01-09,5,57,2
12103,1265,2025-04-07,105,46,3
19792,1266,2025-03-18,103,39,1
19880,1267,2025-03-16,2,56,3
13771,1268,2025-02-22,20,54,1
18049,1269,2025-09-07,44,31,1
17193,1270,2025-04-14,61,7,1
19312,1271,2025-04-25,88,39,1
18875,1272,2025-04-16,51,38,3
16287,1273,2025-09-25,74,17,3
13946,1274,2025-04-03,2,51,4
16266,1275,2025-04-04,80,53,3
13191,1276,2025-03-31,110,20,1
13480,1277,2025-03-31,64,29,1
16087,1278,2025-01-25,55,12,4
15713,1279,2025-06-14,36,11,5
15809,1280,2025-01-07,115,16,2
13846,1281,2025-03-03,4,22,2
14091,1282,2025-02-25,35,17,2
10101,1283,2025-03-21,17,10,2
16017,1284,2025-07-26,104,27,2
15757,1285,2025-06-13,58,38,3
19353,1286,2025-09-28,111,20,4
15042,1287,2025-04-06,80,33,4
14676,1288,2025-09-11,67,17,5
10676,1289,2025-01-13,63,43,2
11967,1290,2025-05-18,25,39,3
13380,1291,2025-08-07,68,58,2
13772,1292,2025-05-26,83,4,1
13626,1293,2025-09-12,116,52,2
13941,1294,2025-03-27,66,21,2
17689,1295,2025-01-10,113,4,3
11311,1296,2025-07-31,114,42,1
13322,1297,2025-01-19,63,11,4
11628,1298,2025-07-28,53,11,5
13077,1299,2025-07-20,18,59,5
16845,1300,2025-08-19,33,14,1
10467,1301,2025-05-11,106,33,1
13394,1302,2025-09-02,17,13,5
10236,1303,2025-02-16,48,8,5
19548,1304,2025-04-29,84,1,3
17272,1305,2025-02-03,29,1,2
12435,1306,2025-07-29,117,29,3
11981,1307,2025-07-14,78,27,3
10989,1308,2025-08-09,4,3,5
14728,1309,2025-07-28,30,21,3
17535,1310,2025-03-26,89,17,1
15842,1311,2025-01-19,104,35,4
18810,1312,2025-09-11,112,60,4
13438,1313,2025-05-15,103,42,2
12781,1314,2025-01-26,9,56,1
14780,1315,2025-09-11,88,12,1
12020,1316,2025-09-29,14,13,5
19756,1317,2025-05-02,10,46,3
11857,1318,2025-07-30,84,19,3
14788,1319,2025-01-10,58,51,5
15220,1320,2025-01-26,78,28,1
10570,1321,2025-03-17,103,13,2
14684,1322,2025-06-29,9,51,5
14547,1323,2025-02-06,64,34,3
12594,1324,2025-01-10,101,49,1
11279,1325,2025-07-02,53,28,4
10451,1326,2025-07-30,63,8,1
10085,1327,2025-07-21,60,41,4
14814,1328,2025-08-07,109,8,4
10898,1329,2025-08-08,6,40,5
19593,1330,2025-06-14,106,26,3
12447,1331,2025-05-22,98,48,2
16525,1332,2025-08-22,98,53,5
16734,1333,2025-04-06,50,25,3
14955,1334,2025-01-27,62,53,4
18836,1335,2025-07-25,45,7,1
11106,1336,2025-03-17,31,7,4
12340,1337,2025-09-25,106,60,3
12524,1338,2025-04-24,61,35,2
11354,1339,2025-08-21,87,28,4
12947,1340,2025-01-12,13,10,1
13126,1341,2025-06-29,95,18,4
17648,1342,2025-05-03,80,42,5
13016,1343,2025-05-07,120,50,3
18767,1344,2025-03-14,17,55,1
17726,1345,2025-09-23,65,25,3
19016,1346,2025-04-18,62,28,3
11052,1347,2025-08-21,65,10,3
19845,1348,2025-04-27,7,5,2
16139,1349,2025-01-14,57,27,4
19823,1350,2025-08-29,36,35,2
13548,1351,2025-02-20,75,7,3
19529,1352,2025-03-15,28,25,3
15886,1353,2025-08-24,53,39,4
10718,1354,2025-09-01,75,49,4
14101,1355,2025-09-08,8,57,5
11377,1356,2025-04-27,95,21,4
19412,1357,2025-07-26,86,24,4
13044,1358,2025-03-31,7,53,5
12223,1359,2025-07-22,8,42,2
15528,1360,2025-05-18,103,17,2
14251,1361,2025-01-15,34,42,3
10969,1362,2025-04-25,104,10,3
18164,1363,2025-05-08,60,27,4
18457,1364,2025-03-12,42,19,1
17429,1365,2025-04-13,33,60,1
16167,1366,2025-05-18,80,3,4
14025,1367,2025-01-14,14,52,5
15423,1368,2025-02-11,49,17,2
15209,1369,2025-07-29,42,3,2
11653,1370,2025-04-07,19,40,3
10818,1371,2025-06-16,43,41,3
12532,1372,2025-06-04,64,9,1
14543,1373,2025-05-31,82,3,3
11603,1374,2025-04-23,11,7,5
11066,1375,2025-05-12,105,25,4
18519,1376,2025-08-13,106,8,5
13749,1377,2025-09-21,84,43,4
15842,1378,2025-03-12,111,5,5
15240,1379,2025-07-02,52,48,2
17351,1380,2025-09-22,99,53,1
17398,1381,2025-01-03,88,44,1
12960,1382,2025-08-03,68,57,5
18479,1383,2025-05-16,22,57,4
13712,1384,2025-09-22,67,3,2
18352,1385,2025-06-07,109,21,5
14048,1386,2025-08-17,119,46,2
11109,1387,2025-02-15,54,21,3
17600,1388,2025-02-08,30,45,2
10301,1389,2025-09-10,90,47,1
17723,1390,2025-05-24,10,60,2
10431,1391,2025-06-02,19,20,2
12068,1392,2025-02-16,68,21,3
16033,1393,2025-03-03,119,2,1
19415,1394,2025-08-12,40,18,2
14084,1395,2025-03-24,54,17,3
11206,1396,2025-06-09,39,28,2
12329,1397,2025-03-28,53,26,4
18961,1398,2025-03-13,1,52,4
17267,1399,2025-02-15,72,47,5
11003,1400,2025-09-11,72,44,5
13848,1401,2025-09-14,38,1,2
12645,1402,2025-02-01,32,29,4
11778,1403,2025-04-07,92,44,4
18464,1404,2025-06-03,23,15,3
16177,1405,2025-04-15,6,26,4
11794,1406,2025-07-16,5,44,1
16506,1407,2025-03-13,106,48,2
14135,1408,2025-01-17,44,52,5
10614,1409,2025-04-02,13,26,5
14498,1410,2025-06-13,106,24,1
11852,1411,2025-02-19,18,23,3
12452,1412,2025-08-11,41,41,2
18789,1413,2025-01-04,3,26,1
17102,1414,2025-01-19,82,25,1
11340,1415,2025-05-19,84,11,3
18513,1416,2025-05-20,91,29,4
15743,1417,2025-03-22,32,15,3
18745,1418,2025-03-12,40,32,2
17470,1419,2025-01-20,113,54,4
13393,1420,2025-06-30,99,47,4
15348,1421,2025-04-14,5,29,5
15308,1422,2025-02-02,84,59,2
17199,1423,2025-04-20,98,59,2
12484,1424,2025-09-13,68,27,3
13330,1425,2025-03-13,77,46,3
12447,1426,2025-09-02,1,21,3
12961,1427,2025-03-12,4,53,5
11612,1428,2025-02-20,5,23,1
10365,1429,2025-03-13,20,16,3
19400,1430,2025-03-30,119,9,3
10743,1431,2025-02-02,77,51,2
18879,1432,2025-06-10,94,18,4
10030,1433,2025-04-02,36,49,5
17773,1434,2025-07-16,113,6,3
13284,1435,2025-05-15,24,31,1
15176,1436,2025-05-01,109,26,1
12822,1437,2025-05-09,4,27,3
14906,1438,2025-02-12,3,11,4
14515,1439,2025-07-14,10,5,2
15297,1440,2025-01-29,96,21,2
13932,1441,2025-07-16,31,29,5
15365,1442,2025-09-30,55,48,1
18254,1443,2025-07-28,57,28,1
14345,1444,2025-05-05,95,15,1
13613,1445,2025-03-27,42,16,5
11317,1446,2025-08-27,1,37,3
13597,1447,2025-03-12,47,27,1
11256,1448,2025-05-12,35,55,2
11825,1449,2025-07-30,88,27,5
19522,1450,2025-09-09,91,35,4
10894,1451,2025-09-09,12,4,2
14820,1452,2025-01-24,96,12,2
18343,1453,2025-09-03,9,52,1
19532,1454,2025-02-01,75,21,4
11467,1455,2025-06-09,47,26,1
11635,1456,2025-09-11,37,36,2
13725,1457,2025-06-28,58,4,2
15544,1458,2025-09-16,38,31,4
19598,1459,2025-04-05,96,21,4
12077,1460,2025-03-27,117,9,4
11643,1461,2025-03-31,98,26,2
12531,1462,2025-04-07,53,27,2
18743,1463,2025-07-06,61,12,2
10300,1464,2025-05-04,54,33,1
13801,1465,2025-07-21,96,45,4
11189,1466,2025-04-24,67,17,3
11570,1467,2025-03-26,57,58,3
19168,1468,2025-02-21,50,37,5
10016,1469,2025-05-31,46,47,1
13215,1470,2025-09-03,67,5,5
19154,1471,2025-08-23,83,47,4
16081,1472,2025-03-11,52,21,2
10717,1473,2025-05-11,97,43,4
14650,1474,2025-07-12,100,49,4
19709,1475,2025-06-17,52,16,2
14004,1476,2025-01-19,110,16,2
15286,1477,2025-06-11,21,4,5
15318,1478,2025-01-11,112,37,1
16604,1479,2025-02-01,36,47,1
11872,1480,2025-06-28,68,25,4
18396,1481,2025-01-28,35,10,5
19886,1482,2025-04-03,54,19,3
11425,1483,2025-06-10,41,25,1
18183,1484,2025-06-28,85,55,3
18169,1485,2025-05-02,10,8,2
17416,1486,2025-01-26,101,21,5
13708,1487,2025-08-07,109,39,4
14687,1488,2025-09-17,68,15,2
18392,1489,2025-08-31,66,54,4
11528,1490,2025-07-24,84,55,4
18287,1491,2025-04-20,24,23,4
19206,1492,2025-08-28,90,45,2
16818,1493,2025-05-14,27,46,3
13413,1494,2025-02-07,82,41,1
15591,1495,2025-08-21,37,12,3
10501,1496,2025-03-29,90,3,2
19318,1497,2025-09-14,95,21,3
13424,1498,2025-04-11,26,8,5
10570,1499,2025-08-26,75,18,5
17944,1500,2025-05-27,60,39,3
16575,1501,2025-05-08,36,36,4
16227,1502,2025-03-23,71,13,1
10540,1503,2025-08-17,120,2,3
17508,1504,2025-01-17,1,14,4
16373,1505,2025-05-09,115,28,4
17936,1506,2025-04-11,103,47,5
18273,1507,2025-05-29,64,22,3
12119,1508,2025-03-11,74,18,5
12106,1509,2025-07-01,45,34,5
19237,1510,2025-04-16,16,5,3
15310,1511,2025-02-21,69,14,1
14379,1512,2025-02-23,98,3,2
12872,1513,2025-07-10,28,32,4
16390,1514,2025-03-13,87,27,3
17539,1515,2025-03-25,90,35,5
10023,1516,2025-06-21,91,38,5
15526,1517,2025-04-01,41,24,1
19933,1518,2025-04-16,48,53,5
12806,1519,2025-03-08,50,56,2
12808,1520,2025-04-05,103,7,5
18781,1521,2025-07-09,109,56,3
10620,1522,2025-05-26,50,12,3
13975,1523,2025-09-30,117,15,1
14582,1524,2025-07-30,69,32,1
17978,1525,2025-01-05,47,2,3
11290,1526,2025-04-14,1,22,3
14340,1527,2025-03-21,74,12,3
11523,1528,2025-06-10,78,29,1
17876,1529,2025-03-14,117,49,3
16322,1530,2025-09-21,87,56,1
14967,1531,2025-03-23,4,13,1
13929,1532,2025-05-23,69,33,3
11531,1533,2025-02-03,90,29,4
19218,1534,2025-09-06,60,25,4
16476,1535,2025-09-06,52,38,5
13191,1536,2025-08-05,98,60,5
14139,1537,2025-04-06,74,25,2
17261,1538,2025-01-17,82,4,4
17195,1539,2025-07-14,56,55,1
14610,1540,2025-04-28,34,56,5
13029,1541,2025-09-28,63,20,2
16599,1542,2025-07-10,116,31,4
16582,1543,2025-05-28,73,52,5
15996,1544,2025-09-27,85,31,4
10728,1545,2025-08-07,15,29,5
14727,1546,2025-05-06,119,56,1
16139,1547,2025-01-06,30,50,1
19500,1548,2025-01-26,117,31,4
15255,1549,2025-05-02,54,10,3
13427,1550,2025-06-03,111,27,1
15557,1551,2025-01-09,108,41,4
11772,1552,2025-02-04,91,17,1
10906,1553,2025-07-12,110,33,5
16780,1554,2025-07-25,74,40,1
19861,1555,2025-01-09,102,6,3
18460,1556,2025-05-19,21,35,5
15836,1557,2025-01-23,9,45,3
10402,1558,2025-07-17,66,13,4
19879,1559,2025-08-16,98,33,4
14496,1560,2025-08-26,92,43,5
12896,1561,2025-06-13,64,3,3
18924,1562,2025-06-21,63,39,5
17464,1563,2025-09-10,74,16,3
17496,1564,2025-06-17,105,24,5
12777,1565,2025-05-02,102,39,4
19918,1566,2025-07-25,14,1,1
14528,1567,2025-06-11,72,2,4
15314,1568,2025-08-18,46,27,5
17509,1569,2025-05-24,96,57,1
16599,1570,2025-08-26,61,1,5
11722,1571,2025-01-13,119,48,1
13024,1572,2025-01-10,52,5,5
13611,1573,2025-01-28,82,30,4
19475,1574,2025-06-01,14,26,1
17145,1575,2025-07-13,112,29,4
13663,1576,2025-03-01,19,5,1
17347,1577,2025-02-12,46,46,3
17385,1578,2025-08-23,101,17,5
13942,1579,2025-07-24,117,47,2
14031,1580,2025-06-27,59,40,1
18942,1581,2025-05-14,59,34,3
15618,1582,2025-04-25,6,19,2
11495,1583,2025-01-06,118,40,1
17197,1584,2025-02-21,2,60,3
15895,1585,2025-09-02,4,56,2
15089,1586,2025-04-03,57,55,1
17251,1587,2025-07-12,1,14,2
19070,1588,2025-07-12,20,36,1
13304,1589,2025-03-26,76,24,5
14193,1590,2025-02-25,85,59,5
11894,1591,2025-07-08,36,58,2
16470,1592,2025-01-26,96,53,5
14027,1593,2025-05-16,73,10,3
13423,1594,2025-08-31,28,20,5
16965,1595,2025-07-14,86,43,1
14081,1596,2025-07-28,72,45,2
14643,1597,2025-01-23,98,22,4
14400,1598,2025-02-24,19,9,2
12585,1599,2025-03-17,28,9,5
11258,1600,2025-03-21,37,42,3
18272,1601,2025-02-22,41,28,3
10917,1602,2025-09-23,107,30,3
13248,1603,2025-02-15,88,49,4
16674,1604,2025-07-13,66,2,1
11312,1605,2025-06-10,65,46,4
16555,1606,2025-06-16,107,17,4
17330,1607,2025-02-28,54,56,5
16629,1608,2025-03-25,28,58,5
13050,1609,2025-06-15,17,31,4
10197,1610,2025-03-23,40,19,3
18873,1611,2025-07-09,79,14,3
13265,1612,2025-01-11,57,11,2
18050,1613,2025-01-20,51,60,5
11978,1614,2025-07-18,58,12,2
11624,1615,2025-06-18,117,27,3
17781,1616,2025-01-12,120,29,1
19397,1617,2025-09-03,20,41,2
18606,1618,2025-01-02,14,51,2
17512,1619,2025-09-18,30,34,3
12466,1620,2025-07-19,103,46,3
19132,1621,2025-09-27,56,35,4
16678,1622,2025-09-17,104,27,3
11721,1623,2025-03-27,78,10,1
11293,1624,2025-07-26,67,13,3
18711,1625,2025-02-27,34,26,1
12751,1626,2025-05-09,42,3,5
17658,1627,2025-03-07,18,19,4
11386,1628,2025-05-13,63,28,2
12805,1629,2025-08-27,34,29,2
12835,1630,2025-04-30,36,49,1
12811,1631,2025-01-26,5,59,2
16747,1632,2025-03-30,96,44,1
19143,1633,2025-08-03,113,5,5
19103,1634,2025-05-23,60,25,1
17415,1635,2025-06-02,65,44,4
12025,1636,2025-04-28,112,36,3
19605,1637,2025-03-21,62,28,2
15420,1638,2025-06-13,75,27,5
15459,1639,2025-06-22,52,25,1
17013,1640,2025-09-03,62,35,5
17690,1641,2025-06-18,63,11,4
19529,1642,2025-09-29,86,32,4
15823,1643,2025-08-14,73,13,5
16100,1644,2025-01-22,61,41,3
17455,1645,2025-04-18,10,52,2
12551,1646,2025-04-16,109,31,1
13077,1647,2025-01-01,107,24,5
16254,1648,2025-02-19,23,57,3
10641,1649,2025-07-28,36,40,5
13204,1650,2025-04-07,117,26,2
17179,1651,2025-02-10,39,2,5
19761,1652,2025-03-20,98,1,5
15194,1653,2025-03-16,95,14,2
13996,1654,2025-02-17,104,15,3
14403,1655,2025-01-28,2,44,4
16854,1656,2025-07-28,58,31,2
15444,1657,2025-08-14,68,60,1
10232,1658,2025-05-16,101,33,2
15392,1659,2025-06-18,27,55,3
14000,1660,2025-09-08,37,34,1
17008,1661,2025-08-19,22,22,2
18751,1662,2025-01-09,92,43,5
19624,1663,2025-09-18,120,27,1
16102,1664,2025-01-19,17,17,1
13625,1665,2025-01-08,28,29,3
14439,1666,2025-04-21,37,40,1
11764,1667,2025-07-23,107,23,1
19359,1668,2025-01-22,54,43,1
18473,1669,2025-03-21,34,59,1
18539,1670,2025-03-13,39,25,5
13281,1671,2025-04-19,72,18,1
13222,1672,2025-09-27,47,25,3
18566,1673,2025-04-01,17,51,4
15445,1674,2025-02-27,99,11,4
17046,1675,2025-02-03,51,59,4
14898,1676,2025-02-24,31,25,2
14427,1677,2025-02-06,88,51,5
16322,1678,2025-06-06,90,48,1
18129,1679,2025-04-25,19,48,1
13341,1680,2025-05-16,9,55,5
18091,1681,2025-08-16,6,12,1
12442,1682,2025-06-08,92,36,1
14028,1683,2025-02-12,76,6,1
19126,1684,2025-04-13,96,18,1
19544,1685,2025-03-27,76,3,1
19238,1686,2025-08-14,49,41,3
13160,1687,2025-03-25,71,37,4
18433,1688,2025-02-07,87,45,1
19360,1689,2025-07-20,48,11,5
19782,1690,2025-04-27,110,20,1
10209,1691,2025-01-27,108,41,4
17449,1692,2025-07-08,97,50,5
19967,1693,2025-02-27,120,54,3
17646,1694,2025-08-26,47,5,3
12331,1695,2025-08-16,14,25,1
17625,1696,2025-04-11,59,1,2
11052,1697,2025-06-01,90,50,5
14806,1698,2025-06-04,94,8,2
16262,1699,2025-06-28,47,50,1
14564,1700,2025-01-19,36,10,4
16998,1701,2025-03-30,54,1,4
12402,1702,2025-02-16,97,53,1
16062,1703,2025-07-10,8,27,1
16448,1704,2025-01-19,40,26,1
16337,1705,2025-05-22,28,39,1
12893,1706,2025-07-18,97,17,4
13053,1707,2025-09-16,57,42,1
12578,1708,2025-03-20,11,26,4
14617,1709,2025-01-03,32,17,1
15859,1710,2025-07-17,6,24,5
13625,1711,2025-01-01,58,1,4
14099,1712,2025-01-19,120,19,2
12864,1713,2025-09-28,69,36,3
12188,1714,2025-08-24,105,9,1
16574,1715,2025-07-13,90,8,1
18160,1716,2025-08-17,106,40,3
12907,1717,2025-01-21,38,26,1
18605,1718,2025-01-25,115,9,4
15709,1719,2025-03-24,29,45,2
11676,1720,2025-01-07,53,47,1
13659,1721,2025-08-31,82,3,3
10075,1722,2025-01-16,35,13,3
10391,1723,2025-05-29,32,23,4
13361,1724,2025-08-22,16,44,1
14544,1725,2025-07-20,1,5,3
17975,1726,2025-03-06,61,49,5
11343,1727,2025-05-09,119,20,2
18391,1728,2025-05-30,27,8,5
12345,1729,2025-07-29,53,52,4
11383,1730,2025-04-27,113,6,3
16998,1731,2025-03-19,93,8,5
17743,1732,2025-08-06,1,57,5
16049,1733,2025-08-31,61,32,2
11157,1734,2025-05-14,18,28,5
11153,1735,2025-01-08,30,42,1
13900,1736,2025-05-17,30,38,1
14506,1737,2025-08-31,74,37,1
19986,1738,2025-09-28,24,2,2
12864,1739,2025-04-20,31,34,5
11925,1740,2025-02-10,28,17,4
19459,1741,2025-06-06,43,49,4
11539,1742,2025-08-15,79,31,1
10264,1743,2025-09-15,48,8,3
14228,1744,2025-01-15,40,54,2
14010,1745,2025-03-21,63,18,3
16196,1746,2025-05-11,74,17,2
18777,1747,2025-01-27,2,57,2
19329,1748,2025-08-30,107,47,5
12896,1749,2025-01-31,110,52,3
19808,1750,2025-07-01,73,40,3
16326,1751,2025-09-08,69,55,1
10696,1752,2025-07-07,84,7,4
19384,1753,2025-07-28,53,36,3
11379,1754,2025-03-13,44,18,2
15885,1755,2025-08-14,43,24,4
17907,1756,2025-04-25,20,15,1
12494,1757,2025-01-17,101,13,3
12706,1758,2025-04-11,39,27,5
14761,1759,2025-04-06,35,56,3
18848,1760,2025-05-23,116,39,1
12236,1761,2025-03-14,61,21,2
16634,1762,2025-05-07,75,27,1
14525,1763,2025-04-27,30,32,3
11118,1764,2025-03-31,34,15,2
17108,1765,2025-07-10,88,32,1
18325,1766,2025-03-25,55,42,4
15756,1767,2025-07-29,18,15,1
11763,1768,2025-03-10,101,36,2
11557,1769,2025-08-25,49,43,5
14234,1770,2025-04-10,81,32,1
15064,1771,2025-01-12,41,18,2
15521,1772,2025-02-10,68,34,2
12436,1773,2025-08-09,94,48,3
15007,1774,2025-08-27,107,14,2
12950,1775,2025-02-27,25,35,5
16861,1776,2025-06-14,81,41,1
17964,1777,2025-06-06,110,20,5
16526,1778,2025-02-06,78,24,3
10012,1779,2025-05-04,18,54,1
19920,1780,2025-07-09,23,22,1
10237,1781,2025-09-22,25,36,1
19994,1782,2025-08-20,13,9,2
10317,1783,2025-01-27,91,56,2
15164,1784,2025-03-06,116,36,4
11059,1785,2025-04-30,63,46,2
10951,1786,2025-02-11,72,37,4
16833,1787,2025-06-05,93,22,2
17278,1788,2025-01-03,50,21,2
11182,1789,2025-01-31,57,43,2
19766,1790,2025-01-13,71,52,2
13204,1791,2025-03-22,37,8,5
13183,1792,2025-07-28,8,51,2
12969,1793,2025-02-18,69,50,2
14612,1794,2025-09-27,99,7,5
11778,1795,2025-03-15,9,7,4
14247,1796,2025-01-13,26,42,1
12099,1797,2025-04-02,32,51,5
10514,1798,2025-07-24,97,24,1
13687,1799,2025-01-30,61,39,1
16722,1800,2025-01-20,65,60,3
17630,1801,2025-08-20,78,20,4
13533,1802,2025-06-11,34,14,1
13237,1803,2025-04-04,86,60,4
17874,1804,2025-07-26,4,17,1
16811,1805,2025-08-19,14,29,4
18321,1806,2025-04-09,98,27,1
19061,1807,2025-06-03,79,32,3
18212,1808,2025-01-03,22,17,4
19364,1809,2025-03-25,53,41,2
14166,1810,2025-06-12,7,42,4
13946,1811,2025-02-23,81,13,4
13215,1812,2025-09-28,91,29,4
12352,1813,2025-09-23,34,4,2
17488,1814,2025-03-12,43,14,4
17144,1815,2025-04-19,29,60,4
18013,1816,2025-02-21,47,31,2
11673,1817,2025-05-18,33,38,4
14912,1818,2025-02-03,30,54,5
12219,1819,2025-04-17,52,43,5
18930,1820,2025-06-01,104,48,4
12674,1821,2025-06-17,92,43,4
11439,1822,2025-06-12,36,30,5
15698,1823,2025-03-02,114,38,2
18790,1824,2025-08-05,26,18,4
19157,1825,2025-07-08,110,54,1
10960,1826,2025-07-25,38,11,2
13258,1827,2025-05-08,65,54,5
11535,1828,2025-09-01,25,53,2
13078,1829,2025-04-17,92,9,5
15338,1830,2025-08-08,39,43,3
12805,1831,2025-02-25,105,60,2
10675,1832,2025-03-09,10,35,1
15100,1833,2025-05-24,61,21,3
10528,1834,2025-06-01,20,53,3
12266,1835,2025-07-23,107,31,3
10005,1836,2025-03-23,51,8,1
10868,1837,2025-08-27,81,15,2
14363,1838,2025-04-01,106,41,1
18507,1839,2025-05-26,65,28,2
17746,1840,2025-09-12,7,14,5
10988,1841,2025-05-28,27,48,1
10348,1842,2025-07-06,26,8,4
13380,1843,2025-09-06,110,14,1
16522,1844,2025-09-24,110,28,3
17467,1845,2025-05-17,58,3,5
18231,1846,2025-04-24,107,24,2
13422,1847,2025-02-23,30,55,1
11680,1848,2025-05-27,82,57,3
10263,1849,2025-09-08,48,53,2
11468,1850,2025-05-13,29,20,5
10651,1851,2025-04-06,31,4,5
18608,1852,2025-01-30,51,49,4
12684,1853,2025-04-17,41,23,4
18231,1854,2025-03-06,26,45,4
15531,1855,2025-09-24,41,8,4
15389,1856,2025-05-25,16,41,3
14547,1857,2025-02-07,117,36,5
18191,1858,2025-01-19,46,56,2
10434,1859,2025-08-21,13,7,1
10927,1860,2025-09-12,70,25,4
14233,1861,2025-07-28,106,60,4
13944,1862,2025-02-03,44,24,5
15455,1863,2025-01-27,102,40,2
17377,1864,2025-02-24,74,10,3
15875,1865,2025-07-25,89,44,3
12574,1866,2025-07-28,36,17,2
13272,1867,2025-08-17,5,35,4
17523,1868,2025-01-27,42,53,3
12014,1869,2025-02-11,111,40,4
15041,1870,2025-09-03,95,29,3
15387,1871,2025-09-11,95,12,2
17502,1872,2025-07-18,106,21,5
17143,1873,2025-01-29,45,51,3
14646,1874,2025-01-19,39,13,4
13091,1875,2025-01-16,112,40,3
13679,1876,2025-07-08,69,30,2
14115,1877,2025-08-19,36,20,5
12191,1878,2025-06-22,34,43,2
16254,1879,2025-03-13,106,22,5
12083,1880,2025-07-26,7,18,3
16486,1881,2025-01-17,8,32,1
17514,1882,2025-08-15,89,46,1
19618,1883,2025-09-01,1,52,5
11189,1884,2025-07-16,21,38,3
17597,1885,2025-08-29,119,40,2
10859,1886,2025-06-10,52,48,5
13372,1887,2025-05-08,88,17,4
11762,1888,2025-03-30,59,16,4
11622,1889,2025-09-09,11,30,4
11753,1890,2025-07-10,23,38,1
10439,1891,2025-02-22,92,39,1
18231,1892,2025-09-19,12,10,4
10611,1893,2025-01-17,72,47,1
13985,1894,2025-06-10,42,22,4
16991,1895,2025-02-22,45,53,1
19903,1896,2025-07-01,115,44,2
18537,1897,2025-04-23,73,59,4
11372,1898,2025-04-30,74,38,4
19877,1899,2025-07-03,43,32,4
16535,1900,2025-07-26,46,12,4
11795,1901,2025-04-14,83,24,1
14487,1902,2025-09-30,5,52,5
19178,1903,2025-05-17,29,23,2
13929,1904,2025-02-13,73,4,1
11836,1905,2025-01-02,75,15,5
18750,1906,2025-02-25,12,36,1
19529,1907,2025-07-08,95,38,3
19755,1908,2025-05-28,66,60,3
19557,1909,2025-04-03,29,57,4
18728,1910,2025-05-12,91,32,1
14544,1911,2025-08-17,119,34,1
11923,1912,2025-06-06,51,49,3
16171,1913,2025-01-16,35,3,3
12207,1914,2025-01-14,36,36,4
14731,1915,2025-05-12,72,29,4
16560,1916,2025-04-21,6,47,1
19465,1917,2025-08-21,59,49,5
12890,1918,2025-06-09,3,40,3
12519,1919,2025-07-26,5,40,5
17347,1920,2025-06-09,52,42,5
10064,1921,2025-04-05,90,35,1
15664,1922,2025-06-29,107,14,3
17459,1923,2025-06-19,11,18,3
15509,1924,2025-07-16,30,45,3
13839,1925,2025-02-21,51,38,2
18285,1926,2025-06-25,69,15,3
13710,1927,2025-03-19,119,53,3
17105,1928,2025-08-04,83,59,1
14641,1929,2025-08-06,65,38,2
10265,1930,2025-06-20,8,14,1
15305,1931,2025-09-16,10,57,5
10494,1932,2025-05-27,19,15,4
19309,1933,2025-01-07,80,26,2
16015,1934,2025-06-15,40,52,2
13720,1935,2025-08-01,29,32,1
14861,1936,2025-01-28,81,15,2
16191,1937,2025-01-29,98,5,5
12601,1938,2025-03-16,53,22,1
12883,1939,2025-08-19,106,41,1
14186,1940,2025-05-24,89,43,5
12585,1941,2025-09-24,86,14,3
17579,1942,2025-08-27,105,10,1
11038,1943,2025-06-01,23,43,3
18266,1944,2025-07-05,92,10,4
13485,1945,2025-04-01,115,4,2
15612,1946,2025-01-25,120,30,2
11577,1947,2025-04-19,70,35,4
13853,1948,2025-06-11,91,15,3
17545,1949,2025-02-19,107,13,5
12706,1950,2025-03-02,103,15,2
11322,1951,2025-01-05,108,21,2
15219,1952,2025-07-20,100,1,1
11624,1953,2025-09-03,46,1,4
13147,1954,2025-08-14,88,23,3
14504,1955,2025-04-14,50,2,2
15640,1956,2025-06-12,97,20,4
16393,1957,2025-09-20,98,35,2
16766,1958,2025-06-11,113,2,1
18442,1959,2025-03-22,71,38,3
10660,1960,2025-04-03,58,38,3
13623,1961,2025-07-18,20,35,3
10010,1962,2025-05-02,77,38,3
10094,1963,2025-08-17,68,49,5
12122,1964,2025-08-24,62,5,2
15981,1965,2025-01-10,82,11,2
18945,1966,2025-07-17,103,20,3
17735,1967,2025-04-11,18,42,1
16462,1968,2025-05-22,52,53,1
17781,1969,2025-03-14,87,56,3
11719,1970,2025-04-11,99,35,3
18398,1971,2025-04-01,94,25,4
18902,1972,2025-01-14,96,25,1
10950,1973,2025-08-02,103,4,5
14699,1974,2025-02-09,116,28,3
18300,1975,2025-04-13,73,31,1
14760,1976,2025-02-22,30,13,2
18404,1977,2025-02-13,68,47,2
19355,1978,2025-04-12,86,49,3
14746,1979,2025-09-08,13,19,3
10594,1980,2025-09-15,91,55,3
13400,1981,2025-04-15,66,7,3
12151,1982,2025-05-18,113,55,5
14741,1983,2025-09-27,26,47,5
15857,1984,2025-03-06,109,14,3
14638,1985,2025-09-15,54,40,5
11954,1986,2025-01-29,69,19,5
13011,1987,2025-03-03,80,48,5
16795,1988,2025-04-03,70,10,2
10269,1989,2025-01-11,109,15,3
12140,1990,2025-08-11,21,19,2
18923,1991,2025-08-22,88,12,1
10991,1992,2025-04-15,117,20,1
14147,1993,2025-08-17,27,37,4
12069,1994,2025-07-30,31,38,3
11046,1995,2025-08-07,58,34,5
14227,1996,2025-08-08,87,12,4
15214,1997,2025-06-06,116,13,1
11761,1998,2025-01-31,96,56,5
10777,1999,2025-09-10,96,16,3
11346,2000,2025-06-16,53,7,3
16515,2001,2025-09-04,78,28,5
18602,2002,2025-09-19,26,1,4
11802,2003,2025-02-21,56,21,1
13203,2004,2025-04-20,23,52,1
13438,2005,2025-02-22,4,17,3
13607,2006,2025-01-14,103,43,1
12443,2007,2025-09-21,97,30,1
10552,2008,2025-09-10,62,22,4
15251,2009,2025-09-12,2,40,1
13573,2010,2025-08-30,11,36,1
13422,2011,2025-06-27,14,20,3
12648,2012,2025-05-23,87,14,1
19293,2013,2025-09-28,25,56,2
16104,2014,2025-05-31,31,11,5
14186,2015,2025-06-25,104,58,4
12053,2016,2025-02-27,106,29,5
18011,2017,2025-07-23,92,60,2
18883,2018,2025-08-12,38,22,4
10323,2019,2025-07-05,70,34,2
19296,2020,2025-05-17,25,37,2
16994,2021,2025-02-24,103,21,1
10998,2022,2025-01-10,11,14,5
17531,2023,2025-06-21,90,32,1
11074,2024,2025-07-06,62,40,2
10508,2025,2025-07-30,91,16,3
11153,2026,2025-09-17,55,47,3
14598,2027,2025-05-16,19,39,2
16195,2028,2025-08-15,91,10,2
14073,2029,2025-07-15,76,57,2
11219,2030,2025-03-17,56,3,5
11991,2031,2025-08-19,45,40,3
18523,2032,2025-01-15,42,27,5
19626,2033,2025-06-13,58,40,5
17542,2034,2025-09-14,32,47,4
11034,2035,2025-06-29,34,42,5
18198,2036,2025-09-13,34,40,1
16919,2037,2025-01-16,2,51,5
15260,2038,2025-05-26,112,43,3
11432,2039,2025-08-02,29,49,4
19966,2040,2025-06-25,20,25,2
14426,2041,2025-08-29,19,13,1
10441,2042,2025-05-07,119,15,5
12099,2043,2025-07-06,58,37,3
14012,2044,2025-04-25,40,32,1
10623,2045,2025-08-27,49,5,4
13239,2046,2025-02-02,11,13,1
14684,2047,2025-03-11,38,59,3
19486,2048,2025-01-27,30,44,4
10863,2049,2025-07-11,97,46,4
15768,2050,2025-03-05,8,12,3
19157,2051,2025-03-28,52,4,2
18061,2052,2025-08-17,95,18,5
19249,2053,2025-04-09,101,52,1
11703,2054,2025-02-09,62,31,1
18013,2055,2025-01-06,27,48,1
19786,2056,2025-03-03,41,30,5
13260,2057,2025-09-07,27,30,3
14986,2058,2025-05-30,80,37,1
15308,2059,2025-09-29,36,58,1
14936,2060,2025-02-28,76,27,1
12897,2061,2025-04-06,79,36,5
19708,2062,2025-02-14,113,56,3
19564,2063,2025-04-19,45,23,1
13807,2064,2025-06-03,116,51,2
18052,2065,2025-08-09,49,33,4
13975,2066,2025-04-11,82,53,3
17948,2067,2025-07-30,80,29,5
15847,2068,2025-06-20,99,38,1
14701,2069,2025-03-21,57,20,1
11280,2070,2025-09-07,96,39,1
16545,2071,2025-04-29,43,20,2
13210,2072,2025-02-11,59,37,4
12168,2073,2025-09-20,60,48,4
11932,2074,2025-09-07,85,27,2
19818,2075,2025-01-14,75,26,4
11032,2076,2025-09-04,10,20,4
17985,2077,2025-09-16,98,44,1
18661,2078,2025-08-15,91,36,4
10310,2079,2025-03-11,13,31,3
15893,2080,2025-06-22,116,2,1
15774,2081,2025-05-27,80,7,2
13586,2082,2025-06-19,11,1,4
16667,2083,2025-06-18,59,52,4
14086,2084,2025-06-24,101,52,2
14396,2085,2025-05-21,34,5,4
14315,2086,2025-07-08,112,3,2
18006,2087,2025-05-24,51,47,3
16331,2088,2025-01-05,28,32,1
13790,2089,2025-01-10,43,19,5
19267,2090,2025-09-19,63,37,5
18020,2091,2025-09-06,83,15,1
19327,2092,2025-06-09,112,12,3
17305,2093,2025-02-17,24,23,4
13914,2094,2025-08-02,116,54,3
17729,2095,2025-02-09,64,47,2
13292,2096,2025-04-13,16,12,5
12709,2097,2025-04-01,112,34,2
14510,2098,2025-01-04,42,54,2
19693,2099,2025-08-09,75,58,2
15679,2100,2025-05-20,84,46,5
13836,2101,2025-03-28,2,8,3
14618,2102,2025-05-19,27,15,4
12912,2103,2025-01-01,83,14,5
16587,2104,2025-04-30,39,10,5
13504,2105,2025-05-22,2,11,5
15543,2106,2025-04-03,3,19,5
13698,2107,2025-08-15,100,34,5
13207,2108,2025-03-10,19,24,5
19702,2109,2025-02-07,13,26,4
13457,2110,2025-05-25,68,15,1
10705,2111,2025-08-31,15,10,1
13785,2112,2025-04-13,79,60,4
15321,2113,2025-01-13,66,36,2
10946,2114,2025-09-22,78,14,5
13056,2115,2025-05-02,59,49,5
11660,2116,2025-02-17,94,50,4
15006,2117,2025-06-18,78,59,4
17231,2118,2025-03-29,50,10,2
19684,2119,2025-09-14,2,39,3
13890,2120,2025-03-22,33,59,5
18632,2121,2025-05-31,16,49,5
12145,2122,2025-05-29,2,14,2
17804,2123,2025-03-08,33,54,5
15626,2124,2025-05-17,25,26,3
17581,2125,2025-01-30,10,30,5
17555,2126,2025-06-25,38,34,3
15324,2127,2025-07-27,61,47,4
12574,2128,2025-09-17,22,8,1
15261,2129,2025-03-30,33,33,2
18267,2130,2025-03-19,3,50,4
19706,2131,2025-05-30,7,33,5
19275,2132,2025-07-09,19,17,1
11814,2133,2025-09-28,55,4,1
15973,2134,2025-01-07,80,33,4
11045,2135,2025-03-07,95,43,3
16689,2136,2025-03-13,76,33,5
19923,2137,2025-03-11,75,59,1
10525,2138,2025-05-07,113,37,2
16565,2139,2025-08-27,31,31,1
19455,2140,2025-01-09,96,4,4
18471,2141,2025-08-11,113,34,5
13924,2142,2025-06-18,69,11,1
11039,2143,2025-06-17,101,44,2
19239,2144,2025-07-05,17,10,5
19213,2145,2025-02-01,106,55,1
15789,2146,2025-07-23,68,19,5
19788,2147,2025-03-09,27,27,5
10046,2148,2025-05-22,8,9,1
16166,2149,2025-07-04,87,13,1
10385,2150,2025-06-14,52,56,4
19356,2151,2025-03-30,38,18,1
16804,2152,2025-04-19,47,31,3
19134,2153,2025-05-11,119,59,1
15626,2154,2025-01-12,52,38,3
10832,2155,2025-07-18,10,3,2
10265,2156,2025-01-28,34,22,4
13355,2157,2025-05-06,18,24,5
17434,2158,2025-06-28,83,17,3
11510,2159,2025-01-22,97,15,4
18521,2160,2025-09-29,101,31,4
12394,2161,2025-04-13,76,23,5
14964,2162,2025-01-05,93,18,2
12030,2163,2025-06-29,51,25,2
14657,2164,2025-06-02,76,21,2
14521,2165,2025-06-24,13,14,4
10054,2166,2025-07-25,65,28,5
15678,2167,2025-05-10,67,57,2
17866,2168,2025-08-14,4,31,1
19362,2169,2025-04-12,66,36,4
13307,2170,2025-05-29,87,60,3
18805,2171,2025-02-13,45,37,2
18787,2172,2025-06-19,66,14,1
19883,2173,2025-03-13,35,24,5
13730,2174,2025-07-10,33,30,5
18508,2175,2025-08-07,16,29,4
15650,2176,2025-08-23,40,9,3
10582,2177,2025-09-11,97,7,2
12703,2178,2025-02-03,113,21,3
16720,2179,2025-02-07,77,55,1
11605,2180,2025-09-10,75,44,2
14347,2181,2025-04-14,74,51,3
17749,2182,2025-01-08,58,11,3
11497,2183,2025-03-20,51,25,1
14965,2184,2025-08-17,75,35,5
12148,2185,2025-04-07,95,27,2
15364,2186,2025-01-21,50,26,3
12407,2187,2025-07-17,68,22,3
19654,2188,2025-02-23,57,4,3
10767,2189,2025-04-07,35,52,5
19635,2190,2025-01-02,35,56,4
17918,2191,2025-06-14,10,5,5
18556,2192,2025-05-02,53,25,2
18515,2193,2025-08-25,86,32,2
11876,2194,2025-04-02,83,48,3
19310,2195,2025-02-25,119,60,3
15942,2196,2025-02-15,5,25,2
19621,2197,2025-02-24,92,45,3
18781,2198,2025-05-04,96,57,1
15796,2199,2025-01-24,53,50,3
13744,2200,2025-04-20,34,18,4
11172,2201,2025-08-22,43,50,3
11011,2202,2025-07-29,82,25,5
13897,2203,2025-06-23,104,2,5
18109,2204,2025-09-01,78,46,5
15053,2205,2025-08-01,62,51,1
14817,2206,2025-06-28,79,21,5
12444,2207,2025-08-24,9,28,2
15643,2208,2025-02-03,73,22,3
16380,2209,2025-08-12,6,8,3
19821,2210,2025-03-22,116,60,2
17294,2211,2025-07-20,107,2,5
16072,2212,2025-09-07,62,34,4
19100,2213,2025-05-16,45,1,5
14249,2214,2025-01-25,88,42,5
19349,2215,2025-04-12,77,55,3
13699,2216,2025-04-22,85,39,4
11277,2217,2025-09-13,62,37,3
14176,2218,2025-09-15,29,50,3
11287,2219,2025-06-05,9,59,4
11183,2220,2025-09-17,34,52,4
18812,2221,2025-04-30,64,14,5
17947,2222,2025-04-23,51,34,4
12212,2223,2025-08-17,61,50,4
18377,2224,2025-07-02,34,18,5
10689,2225,2025-05-23,113,41,1
12843,2226,2025-05-05,45,2,4
17061,2227,2025-07-12,102,53,2
13037,2228,2025-07-25,47,37,3
17305,2229,2025-05-14,54,45,4
18743,2230,2025-01-09,73,50,2
10660,2231,2025-01-28,32,14,5
10239,2232,2025-02-09,27,28,3
19400,2233,2025-05-07,46,52,2
15204,2234,2025-06-17,97,10,2
15064,2235,2025-08-08,18,50,3
14636,2236,2025-03-05,53,18,5
14336,2237,2025-08-03,81,35,1
16901,2238,2025-07-01,85,31,3
15797,2239,2025-01-15,53,42,5
11633,2240,2025-04-06,10,51,3
16266,2241,2025-03-24,2,21,3
16683,2242,2025-08-31,57,11,2
11136,2243,2025-09-09,98,26,1
13767,2244,2025-08-12,4,37,4
17905,2245,2025-05-25,107,46,5
16187,2246,2025-05-15,82,46,3
11363,2247,2025-03-27,1,21,3
10400,2248,2025-07-31,42,57,1
15812,2249,2025-01-24,27,5,5
14617,2250,2025-03-16,114,8,5
19610,2251,2025-02-06,67,2,5
15222,2252,2025-05-15,39,56,2
19314,2253,2025-03-23,34,11,4
12143,2254,2025-02-23,68,37,3
14473,2255,2025-04-13,1,49,2
11396,2256,2025-08-24,31,47,2
15742,2257,2025-06-02,20,57,2
11884,2258,2025-08-13,75,4,3
14922,2259,2025-09-07,81,25,1
13441,2260,2025-09-04,57,31,4
11857,2261,2025-04-06,17,42,3
10968,2262,2025-08-28,45,38,5
15120,2263,2025-09-06,102,34,2
19473,2264,2025-09-19,25,19,1
11987,2265,2025-04-06,20,7,2
14049,2266,2025-03-04,14,26,5
12246,2267,2025-06-09,99,16,2
18089,2268,2025-09-12,15,34,4
14149,2269,2025-09-03,70,48,5
19744,2270,2025-06-05,120,34,2
12451,2271,2025-02-10,78,35,4
10807,2272,2025-04-26,50,3,2
15825,2273,2025-07-14,25,39,2
16516,2274,2025-06-02,1,27,2
19907,2275,2025-04-05,19,8,4
18714,2276,2025-04-04,115,13,5
18841,2277,2025-01-17,18,47,2
16342,2278,2025-03-20,3,56,2
13598,2279,2025-07-02,98,31,5
14290,2280,2025-03-07,51,59,3
11337,2281,2025-09-29,43,11,3
14310,2282,2025-01-23,87,18,4
13644,2283,2025-06-10,63,56,1
10358,2284,2025-05-16,110,11,5
12044,2285,2025-08-16,57,40,2
15346,2286,2025-08-31,86,14,4
13693,2287,2025-05-29,106,20,3
19935,2288,2025-06-22,56,29,4
14785,2289,2025-07-10,35,22,4
19587,2290,2025-05-23,117,53,1
16607,2291,2025-02-20,28,59,1
10403,2292,2025-04-28,5,31,5
12034,2293,2025-03-07,70,32,3
17057,2294,2025-05-07,119,4,2
15451,2295,2025-06-17,11,15,1
13017,2296,2025-02-27,102,3,1
15220,2297,2025-03-10,100,52,5
19029,2298,2025-08-13,112,14,5
13887,2299,2025-04-14,51,21,2
10451,2300,2025-02-24,31,51,2
13109,2301,2025-07-14,62,43,3
19358,2302,2025-07-15,18,38,1
17617,2303,2025-08-14,102,3,3
18374,2304,2025-07-27,80,34,4
19116,2305,2025-09-28,58,34,5
11175,2306,2025-06-06,62,20,2
12826,2307,2025-03-20,86,45,1
10598,2308,2025-08-24,63,56,1
10047,2309,2025-03-14,101,16,2
18347,2310,2025-03-21,111,20,4
19369,2311,2025-08-15,114,20,1
11557,2312,2025-08-29,75,51,4
17221,2313,2025-04-03,90,5,3
15348,2314,2025-07-19,38,54,4
10692,2315,2025-09-09,5,47,3
19157,2316,2025-08-07,49,30,1
18712,2317,2025-01-02,105,36,1
15674,2318,2025-07-01,17,54,3
17078,2319,2025-02-16,66,47,3
13972,2320,2025-08-20,24,17,5
17928,2321,2025-01-19,52,4,5
14450,2322,2025-09-29,18,40,1
19891,2323,2025-02-18,89,9,2
10631,2324,2025-04-25,98,6,2
11721,2325,2025-03-05,92,59,1
19687,2326,2025-08-11,85,29,1
12887,2327,2025-04-18,29,40,1
13106,2328,2025-07-23,64,14,3
17912,2329,2025-01-19,13,7,1
11893,2330,2025-05-04,45,4,1
15135,2331,2025-09-06,61,22,1
12860,2332,2025-09-11,81,1,4
11979,2333,2025-02-26,12,26,4
19643,2334,2025-04-18,98,20,5
11998,2335,2025-04-22,56,32,1
10942,2336,2025-06-04,106,36,2
16739,2337,2025-05-27,64,19,3
18673,2338,2025-01-29,66,28,4
11274,2339,2025-07-28,84,5,1
17078,2340,2025-03-03,99,19,2
15407,2341,2025-03-27,19,59,3
18300,2342,2025-08-18,62,60,1
11269,2343,2025-07-08,4,30,2
19758,2344,2025-04-19,57,57,4
16191,2345,2025-09-07,98,31,3
18421,2346,2025-04-18,104,8,3
13619,2347,2025-06-04,35,53,3
19433,2348,2025-03-09,47,25,5
16263,2349,2025-02-20,67,37,3
11269,2350,2025-05-15,48,39,3
19229,2351,2025-06-03,22,19,5
17957,2352,2025-08-08,37,45,1
13002,2353,2025-04-17,49,31,1
15456,2354,2025-09-02,63,22,3
13880,2355,2025-06-15,111,18,2
15434,2356,2025-01-20,66,45,2
19653,2357,2025-07-21,47,15,1
18989,2358,2025-06-06,80,8,5
12155,2359,2025-04-17,93,53,4
19718,2360,2025-05-08,52,20,4
14379,2361,2025-03-24,59,39,1
17048,2362,2025-06-17,27,43,2
17642,2363,2025-06-04,104,51,4
14829,2364,2025-05-03,105,38,3
14566,2365,2025-03-19,21,43,4
14564,2366,2025-04-19,42,51,4
18625,2367,2025-05-16,33,57,3
13863,2368,2025-05-09,111,3,4
12799,2369,2025-03-26,8,45,2
13615,2370,2025-06-08,25,11,1
11948,2371,2025-03-03,38,54,5
13915,2372,2025-05-17,68,3,1
11140,2373,2025-02-03,30,15,2
10897,2374,2025-05-09,65,12,1
17238,2375,2025-08-03,90,37,2
10774,2376,2025-08-12,100,1,2
15682,2377,2025-07-09,12,2,1
17798,2378,2025-07-23,17,31,3
17244,2379,2025-01-19,12,59,5
14460,2380,2025-04-04,110,32,1
11936,2381,2025-06-28,79,27,5
19306,2382,2025-08-07,64,40,3
18351,2383,2025-06-09,95,34,3
16122,2384,2025-08-22,71,24,3
10867,2385,2025-03-16,29,36,2
10351,2386,2025-02-11,62,1,1
13152,2387,2025-01-24,85,15,3
11575,2388,2025-06-09,5,41,5
18603,2389,2025-07-01,73,21,3
12058,2390,2025-03-19,60,4,3
12826,2391,2025-08-02,9,8,4
19757,2392,2025-07-21,32,52,2
18182,2393,2025-04-09,54,20,1
12187,2394,2025-03-07,42,2,3
13835,2395,2025-07-22,35,44,5
15157,2396,2025-07-03,78,32,2
16642,2397,2025-02-16,49,28,5
19361,2398,2025-03-11,60,54,5
18711,2399,2025-05-13,96,19,2
19771,2400,2025-05-20,12,35,3
10406,2401,2025-02-15,44,45,4
12363,2402,2025-09-16,9,37,3
15630,2403,2025-04-17,112,13,4
10491,2404,2025-04-15,23,41,5
13553,2405,2025-01-17,99,45,4
11536,2406,2025-08-28,23,8,5
19329,2407,2025-03-06,39,10,5
10633,2408,2025-09-27,73,41,5
11484,2409,2025-05-16,100,8,5
11951,2410,2025-08-27,22,53,2
11485,2411,2025-02-18,26,7,1
15685,2412,2025-02-15,106,59,1
13643,2413,2025-08-07,39,41,2
19124,2414,2025-08-12,26,27,4
12608,2415,2025-05-29,90,17,3
15372,2416,2025-01-09,11,21,3
16600,2417,2025-09-15,105,45,1
16259,2418,2025-04-18,106,46,4
17963,2419,2025-09-13,103,13,2
12018,2420,2025-08-26,36,33,4
15074,2421,2025-08-21,14,60,1
18005,2422,2025-07-08,52,16,2
18630,2423,2025-07-03,41,42,1
16177,2424,2025-05-26,116,11,2
16518,2425,2025-01-07,76,51,5
18641,2426,2025-04-16,114,11,3
16248,2427,2025-07-19,91,18,3
19488,2428,2025-08-10,86,28,2
11275,2429,2025-06-02,14,23,2
13479,2430,2025-07-13,9,11,4
11121,2431,2025-01-06,6,39,5
10905,2432,2025-05-08,72,2,4
14719,2433,2025-05-19,25,60,4
12259,2434,2025-09-01,119,4,3
14071,2435,2025-03-26,16,21,1
14378,2436,2025-03-04,114,56,4
16209,2437,2025-04-07,81,10,5
19456,2438,2025-02-16,13,5,3
18493,2439,2025-06-02,8,45,1
13783,2440,2025-06-25,48,5,4
13255,2441,2025-08-07,41,54,5
17707,2442,2025-09-23,38,28,2
11236,2443,2025-01-21,64,53,1
15404,2444,2025-03-09,16,15,4
14230,2445,2025-03-24,16,9,2
11828,2446,2025-03-10,84,58,4
16164,2447,2025-08-14,119,46,4
13207,2448,2025-02-08,33,55,2
11855,2449,2025-01-09,112,20,1
16531,2450,2025-08-23,42,25,3
11741,2451,2025-09-20,41,35,3
16728,2452,2025-03-03,11,27,5
11620,2453,2025-04-01,51,15,2
14347,2454,2025-05-18,60,23,2
18079,2455,2025-05-24,80,37,5
12286,2456,2025-09-28,19,3,4
17676,2457,2025-04-21,23,21,4
17219,2458,2025-01-04,52,18,5
19026,2459,2025-04-26,9,5,4
11688,2460,2025-06-01,18,8,5
17151,2461,2025-05-22,76,30,4
19366,2462,2025-05-20,115,7,3
17630,2463,2025-09-09,69,21,1
11879,2464,2025-08-09,18,34,4
18221,2465,2025-03-10,119,53,4
11073,2466,2025-04-07,63,6,5
15888,2467,2025-07-02,87,27,4
14976,2468,2025-04-23,24,7,3
15310,2469,2025-04-27,70,26,3
15195,2470,2025-02-15,10,29,1
10314,2471,2025-03-11,76,48,1
15081,2472,2025-07-22,25,27,1
19367,2473,2025-08-19,110,57,5
14366,2474,2025-08-03,7,9,4
12769,2475,2025-03-26,79,4,2
19948,2476,2025-02-07,17,1,3
10989,2477,2025-02-13,83,22,3
14862,2478,2025-04-18,60,12,2
15125,2479,2025-05-22,117,6,3
14779,2480,2025-09-01,79,15,2
19217,2481,2025-09-03,45,59,4
14217,2482,2025-01-01,11,49,4
19733,2483,2025-07-13,72,2,1
10668,2484,2025-03-23,53,55,3
17339,2485,2025-02-23,7,13,5
15929,2486,2025-06-01,70,25,5
12405,2487,2025-01-10,26,20,4
12279,2488,2025-04-02,29,25,4
17196,2489,2025-05-31,2,46,1
16376,2490,2025-03-16,45,43,5
16111,2491,2025-06-11,27,36,4
10508,2492,2025-05-06,9,38,5
15978,2493,2025-08-07,53,44,5
19813,2494,2025-02-19,27,12,2
10173,2495,2025-01-16,17,24,1
14690,2496,2025-05-25,57,7,4
14943,2497,2025-03-12,8,43,3
18967,2498,2025-07-12,119,27,1
12828,2499,2025-01-26,57,39,2
14755,2500,2025-06-07,120,34,5
